"category","severity","id","name","details"
"synthetic_without_sources","high","101","Екопътека ""Екот от камбанен звън"" – Рибарица","Synthetic metadata present but metadata.sources_urls is missing"
"synthetic_without_sources","high","102","Екопътека ""Горица""","Synthetic metadata present but metadata.sources_urls is missing"
"synthetic_without_sources","high","103","Екопътека ""Горица"" (Овчарченски водопад)","Synthetic metadata present but metadata.sources_urls is missing"
"synthetic_without_sources","high","105","Водопади ""Дуплево"", ""Скакалото"" и ""Костен камък"" - с.Орехово","Synthetic metadata present but metadata.sources_urls is missing"
"synthetic_without_sources","high","106","Екопътека до Киселчовски водопад","Synthetic metadata present but metadata.sources_urls is missing"
"synthetic_without_sources","high","107","Вазова екопътека","Synthetic metadata present but metadata.sources_urls is missing"
"synthetic_without_sources","high","151","""Зелената пътека"" - Бачковски манастир","Synthetic metadata present but metadata.sources_urls is missing"
"synthetic_without_sources","high","17","Екопътека ""Властелинът на планините""","Synthetic metadata present but metadata.sources_urls is missing"
"synthetic_without_sources","high","18","Екопътека ""Влахи""","Synthetic metadata present but metadata.sources_urls is missing"
"synthetic_without_sources","high","182","Божевски водопад","Synthetic metadata present but metadata.sources_urls is missing"
"synthetic_without_sources","high","19","Екопътека ""Кръстът"" – Благоевград","Synthetic metadata present but metadata.sources_urls is missing"
"synthetic_without_sources","high","21","Екопътека ""Пътеката на дивата коза""","Synthetic metadata present but metadata.sources_urls is missing"
"synthetic_without_sources","high","22","Екопътека ""Римски мост""","Synthetic metadata present but metadata.sources_urls is missing"
"synthetic_without_sources","high","23","Екопътека ""Тай3ните на водата"" и водопад ""Срамежливеца""","Synthetic metadata present but metadata.sources_urls is missing"
"synthetic_without_sources","high","266","Кървавата скала","Synthetic metadata present but metadata.sources_urls is missing"
"synthetic_without_sources","high","281","Меаните","Synthetic metadata present but metadata.sources_urls is missing"
"synthetic_without_sources","high","284","Мечи стъпки","Synthetic metadata present but metadata.sources_urls is missing"
"synthetic_without_sources","high","290","Обесен камък","Synthetic metadata present but metadata.sources_urls is missing"
"synthetic_without_sources","high","291","Окопна манастир","Synthetic metadata present but metadata.sources_urls is missing"
"synthetic_without_sources","high","3","Екопътека ""Збегове"" – Белоградчик","Synthetic metadata present but metadata.sources_urls is missing"
"synthetic_without_sources","high","308","Пътека","Synthetic metadata present but metadata.sources_urls is missing"
"synthetic_without_sources","high","36","Еменски каньон","Synthetic metadata present but metadata.sources_urls is missing"
"synthetic_without_sources","high","39","Христовски водопад ""Руховци"" (екопътека)","Synthetic metadata present but metadata.sources_urls is missing"
"synthetic_without_sources","high","4","Екопътека Заслон ""Опасен зъб"" – Тетевен","Synthetic metadata present but metadata.sources_urls is missing"
"synthetic_without_sources","high","44","Нископланинска обиколна пътека (НОП) Витоша","Synthetic metadata present but metadata.sources_urls is missing"
"synthetic_without_sources","high","46","Подход от кв. Бояна","Synthetic metadata present but metadata.sources_urls is missing"
"synthetic_without_sources","high","47","Подход от кв. Драгалевци","Synthetic metadata present but metadata.sources_urls is missing"
"synthetic_without_sources","high","48","Подход от кв. Княжево","Synthetic metadata present but metadata.sources_urls is missing"
"synthetic_without_sources","high","49","Подход от м. Златни мостове","Synthetic metadata present but metadata.sources_urls is missing"
"synthetic_without_sources","high","5","Екопътека до ""Първия войнишки паметник"" - с. Алдомировци","Synthetic metadata present but metadata.sources_urls is missing"
"synthetic_without_sources","high","50","Подход от м. Ярема","Synthetic metadata present but metadata.sources_urls is missing"
"synthetic_without_sources","high","51","Подход от с. Бистрица","Synthetic metadata present but metadata.sources_urls is missing"
"synthetic_without_sources","high","52","Подход от с. Боснек","Synthetic metadata present but metadata.sources_urls is missing"
"synthetic_without_sources","high","54","Подход от с. Железница","Synthetic metadata present but metadata.sources_urls is missing"
"synthetic_without_sources","high","55","Подход от с. Кладница","Synthetic metadata present but metadata.sources_urls is missing"
"synthetic_without_sources","high","59","Пътека ""Сила и живот""","Synthetic metadata present but metadata.sources_urls is missing"
"synthetic_without_sources","high","64","Врачанска екопътека","Synthetic metadata present but metadata.sources_urls is missing"
"synthetic_without_sources","high","65","Горска пътека на приказките","Synthetic metadata present but metadata.sources_urls is missing"
"synthetic_without_sources","high","71","Наследствена пътека с. Очин дол","Synthetic metadata present but metadata.sources_urls is missing"
"synthetic_without_sources","high","77","Екопътека ""Иванчова поляна""","Synthetic metadata present but metadata.sources_urls is missing"
"synthetic_without_sources","high","8","Местност Бялата чешма – Самуилово","Synthetic metadata present but metadata.sources_urls is missing"
"synthetic_without_sources","high","85","Екопъ3тека ""Римският път""","Synthetic metadata present but metadata.sources_urls is missing"
"synthetic_without_sources","high","9","Хайдушки водопади (екопътека)","Synthetic metadata present but metadata.sources_urls is missing"
"synthetic_without_sources","high","97","Алея на туриста до м. Струилица – Девин","Synthetic metadata present but metadata.sources_urls is missing"
"missing_photo_url","low","10","E4 Етап 10: Вихрен - Банско","photo_url is missing"
"missing_photo_url","low","11","E4 Етап 11: Банско - Славянка планина","photo_url is missing"
"missing_photo_url","low","113","E4 Етап 3: Перелик - Рила манастир","photo_url is missing"
"missing_photo_url","low","114","E4 Етап 4: Рила манастир - Седемте Рилски езера","photo_url is missing"
"missing_photo_url","low","115","E4 Етап 5: Озеро - връх Маричини езера","photo_url is missing"
"missing_photo_url","low","116","E8 Етап 1: Рила манастир - Врелото","photo_url is missing"
"missing_photo_url","low","117","E8 Етап 2: Врелото - Рилска пустиня","photo_url is missing"
"missing_photo_url","low","118","E8 Етап 3: Рилска пустиня - Урдини езера","photo_url is missing"
"missing_photo_url","low","119","E8 Етап 4: Урдини езера - връх Стобски пирамиди","photo_url is missing"
"missing_photo_url","low","12","E4 Етап 12: Славянка връх - Мелник","photo_url is missing"
"missing_photo_url","low","120","E3 Етап 2: Петрохан - Лакатник","photo_url is missing"
"missing_photo_url","low","121","E3 Етап 3: Лакатник - Витиня","photo_url is missing"
"missing_photo_url","low","13","E4 Етап 8: Мусала - Пирин национален парк","photo_url is missing"
"missing_photo_url","low","136","E3 Етап 1: Ком връх - Петрохан","photo_url is missing"
"missing_photo_url","low","14","E4 Етап 9: Пирин - връх Вихрен","photo_url is missing"
"missing_photo_url","low","15","Долина на река Благоевградска Бистрица","photo_url is missing"
"missing_photo_url","low","152","Агушеви конаци","photo_url is missing"
"missing_photo_url","low","153","Академика","photo_url is missing"
"missing_photo_url","low","154","Аладжа манастир","photo_url is missing"
"missing_photo_url","low","155","Албутински манастир","photo_url is missing"
"missing_photo_url","low","156","Алеко","photo_url is missing"
"missing_photo_url","low","157","Алея на билките","photo_url is missing"
"missing_photo_url","low","158","Али ботуш","photo_url is missing"
"missing_photo_url","low","159","Ардинци","photo_url is missing"
"missing_photo_url","low","160","Аркутино","photo_url is missing"
"missing_photo_url","low","161","Атанасовско езеро","photo_url is missing"
"missing_photo_url","low","162","Баба Вида","photo_url is missing"
"missing_photo_url","low","163","Бабин пласт","photo_url is missing"
"missing_photo_url","low","164","Бабини Видини кули","photo_url is missing"
"missing_photo_url","low","165","Бабско пръскало","photo_url is missing"
"missing_photo_url","low","166","Байкушевата мура","photo_url is missing"
"missing_photo_url","low","167","Балчик","photo_url is missing"
"missing_photo_url","low","168","Батак","photo_url is missing"
"missing_photo_url","low","169","Беглик таш","photo_url is missing"
"missing_photo_url","low","170","Беглика","photo_url is missing"
"missing_photo_url","low","171","Беглика рали","photo_url is missing"
"missing_photo_url","low","172","Беклемето","photo_url is missing"
"missing_photo_url","low","173","Беласица","photo_url is missing"
"missing_photo_url","low","174","Бели Искър","photo_url is missing"
"missing_photo_url","low","175","Белинташ","photo_url is missing"
"missing_photo_url","low","176","Белмекен","photo_url is missing"
"missing_photo_url","low","177","Белоградчишки скали","photo_url is missing"
"missing_photo_url","low","178","Биосферен резерват","photo_url is missing"
"missing_photo_url","low","179","Бистрица","photo_url is missing"
"missing_photo_url","low","180","Бистришко бранище","photo_url is missing"
"missing_photo_url","low","181","Бодрост","photo_url is missing"
"missing_photo_url","low","182","Божевски водопад","photo_url is missing"
"missing_photo_url","low","183","Божият мост","photo_url is missing"
"missing_photo_url","low","184","Болата","photo_url is missing"
"missing_photo_url","low","185","Ботев връх","photo_url is missing"
"missing_photo_url","low","186","Бродилово","photo_url is missing"
"missing_photo_url","low","187","Бузлуджа","photo_url is missing"
"missing_photo_url","low","188","Буйновско ждрело","photo_url is missing"
"missing_photo_url","low","189","Буная","photo_url is missing"
"missing_photo_url","low","190","Българи","photo_url is missing"
"missing_photo_url","low","191","Бяла река","photo_url is missing"
"missing_photo_url","low","192","В царството на зелениката","photo_url is missing"
"missing_photo_url","low","193","Варовитец","photo_url is missing"
"missing_photo_url","low","194","Велека","photo_url is missing"
"missing_photo_url","low","195","Видимско пръскало","photo_url is missing"
"missing_photo_url","low","196","Вкаменената сватба","photo_url is missing"
"missing_photo_url","low","197","Врабча","photo_url is missing"
"missing_photo_url","low","198","Вратцата","photo_url is missing"
"missing_photo_url","low","199","Врелото","photo_url is missing"
"missing_photo_url","low","200","Вълчи камък","photo_url is missing"
"missing_photo_url","low","201","Геопарк Искър-Панега","photo_url is missing"
"missing_photo_url","low","202","Гложенски манастир","photo_url is missing"
"missing_photo_url","low","203","Голяма Сюткя","photo_url is missing"
"missing_photo_url","low","204","Горица","photo_url is missing"
"missing_photo_url","low","205","Горна земя","photo_url is missing"
"missing_photo_url","low","206","Градище","photo_url is missing"
"missing_photo_url","low","207","Граматиково","photo_url is missing"
"missing_photo_url","low","208","Двете реки","photo_url is missing"
"missing_photo_url","low","209","Деветашка пещера","photo_url is missing"
"missing_photo_url","low","210","Дерменка","photo_url is missing"
"missing_photo_url","low","211","Долмените","photo_url is missing"
"missing_photo_url","low","212","Доспат","photo_url is missing"
"missing_photo_url","low","213","Драгоманско блато","photo_url is missing"
"missing_photo_url","low","214","Дуранкулак","photo_url is missing"
"missing_photo_url","low","215","Дървото на живота","photo_url is missing"
"missing_photo_url","low","216","Дяволски мост","photo_url is missing"
"missing_photo_url","low","217","Дяволското гърло","photo_url is missing"
"missing_photo_url","low","226","Енина","photo_url is missing"
"missing_photo_url","low","227","Етрополски водопад","photo_url is missing"
"missing_photo_url","low","228","Жеравна","photo_url is missing"
"missing_photo_url","low","229","Златна Панега","photo_url is missing"
"missing_photo_url","low","230","Златни пясъци","photo_url is missing"
"missing_photo_url","low","231","Златните мостове","photo_url is missing"
"missing_photo_url","low","232","Златолист","photo_url is missing"
"missing_photo_url","low","233","Ивановски скални църкви","photo_url is missing"
"missing_photo_url","low","234","Изворите на Младежка","photo_url is missing"
"missing_photo_url","low","235","Изворите на река Въча","photo_url is missing"
"missing_photo_url","low","236","Индипаска","photo_url is missing"
"missing_photo_url","low","237","Искър-Панега","photo_url is missing"
"missing_photo_url","low","238","Кадемлийско пръскало","photo_url is missing"
"missing_photo_url","low","239","Казанджи дере","photo_url is missing"
"missing_photo_url","low","240","Калиакра","photo_url is missing"
"missing_photo_url","low","241","Каменни гъби","photo_url is missing"
"missing_photo_url","low","242","Камчийски пясъци","photo_url is missing"
"missing_photo_url","low","243","Камчия","photo_url is missing"
"missing_photo_url","low","244","Каньона на водопадите","photo_url is missing"
"missing_photo_url","low","245","Каньонът на река Герзовица","photo_url is missing"
"missing_photo_url","low","247","Караджов камък","photo_url is missing"
"missing_photo_url","low","248","Карандила","photo_url is missing"
"missing_photo_url","low","249","Картала","photo_url is missing"
"missing_photo_url","low","25","E3 Етап 10: Шипка - Емине връх","photo_url is missing"
"missing_photo_url","low","250","Кечика Кая","photo_url is missing"
"missing_photo_url","low","251","Кикиш","photo_url is missing"
"missing_photo_url","low","252","Кирилова поляна","photo_url is missing"
"missing_photo_url","low","253","Киселчово","photo_url is missing"
"missing_photo_url","low","254","Княжевска пътека","photo_url is missing"
"missing_photo_url","low","255","Кобилино бранище","photo_url is missing"
"missing_photo_url","low","256","Кожух планина","photo_url is missing"
"missing_photo_url","low","257","Козя стена","photo_url is missing"
"missing_photo_url","low","258","Комините","photo_url is missing"
"missing_photo_url","low","259","Копитото – Момина скала","photo_url is missing"
"missing_photo_url","low","260","Копрен","photo_url is missing"
"missing_photo_url","low","261","Кости","photo_url is missing"
"missing_photo_url","low","262","Костина","photo_url is missing"
"missing_photo_url","low","263","Котел","photo_url is missing"
"missing_photo_url","low","264","Крушунски водопади","photo_url is missing"
"missing_photo_url","low","265","Кръстова гора","photo_url is missing"
"missing_photo_url","low","266","Кървавата скала","photo_url is missing"
"missing_photo_url","low","267","Лакатнишки скали","photo_url is missing"
"missing_photo_url","low","268","Леденика","photo_url is missing"
"missing_photo_url","low","269","Лешнишки водопад","photo_url is missing"
"missing_photo_url","low","270","Лисиците","photo_url is missing"
"missing_photo_url","low","271","Лозенски манастир","photo_url is missing"
"missing_photo_url","low","272","Ломски каньон","photo_url is missing"
"missing_photo_url","low","273","Лъвската глава","photo_url is missing"
"missing_photo_url","low","274","Мадарски конник","photo_url is missing"
"missing_photo_url","low","275","Мазалат","photo_url is missing"
"missing_photo_url","low","276","Малко Търново","photo_url is missing"
"missing_photo_url","low","277","Мальовица","photo_url is missing"
"missing_photo_url","low","278","Марциганица","photo_url is missing"
"missing_photo_url","low","279","Маслен нос","photo_url is missing"
"missing_photo_url","low","280","Меандри на Арда","photo_url is missing"
"missing_photo_url","low","281","Меаните","photo_url is missing"
"missing_photo_url","low","282","Медвен","photo_url is missing"
"missing_photo_url","low","283","Мелнишки пирамиди","photo_url is missing"
"missing_photo_url","low","284","Мечи стъпки","photo_url is missing"
"missing_photo_url","low","285","Минерални бани","photo_url is missing"
"missing_photo_url","low","286","Мишкова нива","photo_url is missing"
"missing_photo_url","low","287","Момчил юнак","photo_url is missing"
"missing_photo_url","low","288","Момчилова крепост","photo_url is missing"
"missing_photo_url","low","289","Невястата","photo_url is missing"
"missing_photo_url","low","290","Обесен камък","photo_url is missing"
"missing_photo_url","low","291","Окопна манастир","photo_url is missing"
"missing_photo_url","low","292","Ореляк","photo_url is missing"
"missing_photo_url","low","293","Орлови скали","photo_url is missing"
"missing_photo_url","low","294","Орлово око","photo_url is missing"
"missing_photo_url","low","295","Парилско седло","photo_url is missing"
"missing_photo_url","low","296","Пеещи скали","photo_url is missing"
"missing_photo_url","low","297","Перперикон","photo_url is missing"
"missing_photo_url","low","298","Петрова нива","photo_url is missing"
"missing_photo_url","low","299","Пещера Песнопой","photo_url is missing"
"missing_photo_url","low","300","Поглед към девет планини","photo_url is missing"
"missing_photo_url","low","301","Пода","photo_url is missing"
"missing_photo_url","low","302","Поломие","photo_url is missing"
"missing_photo_url","low","303","Поляната","photo_url is missing"
"missing_photo_url","low","304","Поморие","photo_url is missing"
"missing_photo_url","low","305","Понтийски път","photo_url is missing"
"missing_photo_url","low","306","Попови ливади","photo_url is missing"
"missing_photo_url","low","307","Правешка екопътека","photo_url is missing"
"missing_photo_url","low","308","Пътека","photo_url is missing"
"missing_photo_url","low","309","Райското пръскало","photo_url is missing"
"missing_photo_url","low","31","Red Dot Trail - Витоша","photo_url is missing"
"missing_photo_url","low","310","Резово","photo_url is missing"
"missing_photo_url","low","311","Рибарица","photo_url is missing"
"missing_photo_url","low","312","Рибни езера","photo_url is missing"
"missing_photo_url","low","313","Рилски манастир","photo_url is missing"
"missing_photo_url","low","314","Ритлите","photo_url is missing"
"missing_photo_url","low","315","Роженски манастир","photo_url is missing"
"missing_photo_url","low","316","Ропотамо","photo_url is missing"
"missing_photo_url","low","317","Рупите","photo_url is missing"
"missing_photo_url","low","318","Русалка","photo_url is missing"
"missing_photo_url","low","319","Самуилова крепост","photo_url is missing"
"missing_photo_url","low","32","Боров камък - Враца","photo_url is missing"
"missing_photo_url","low","320","Сандански","photo_url is missing"
"missing_photo_url","low","321","Света Петка","photo_url is missing"
"missing_photo_url","low","322","Светлина","photo_url is missing"
"missing_photo_url","low","323","Седемте рилски езера","photo_url is missing"
"missing_photo_url","low","324","Силистар","photo_url is missing"
"missing_photo_url","low","325","Симеоновски езера","photo_url is missing"
"missing_photo_url","low","326","Сините камъни","photo_url is missing"
"missing_photo_url","low","327","Синия вир","photo_url is missing"
"missing_photo_url","low","328","Скакавица","photo_url is missing"
"missing_photo_url","low","329","Скакля","photo_url is missing"
"missing_photo_url","low","33","Триградско ждрело - Смолян","photo_url is missing"
"missing_photo_url","low","330","Скални манастири","photo_url is missing"
"missing_photo_url","low","331","Скални църкви","photo_url is missing"
"missing_photo_url","low","332","Славянка","photo_url is missing"
"missing_photo_url","low","333","Соколна","photo_url is missing"
"missing_photo_url","low","334","Соколски манастир","photo_url is missing"
"missing_photo_url","low","335","Стената","photo_url is missing"
"missing_photo_url","low","336","Стобски пирамиди","photo_url is missing"
"missing_photo_url","low","337","Странджански дъб","photo_url is missing"
"missing_photo_url","low","338","Струилица – Калето – Лъката","photo_url is missing"
"missing_photo_url","low","339","Сухото езеро","photo_url is missing"
"missing_photo_url","low","340","Сърница","photo_url is missing"
"missing_photo_url","low","341","Табашката пещера","photo_url is missing"
"missing_photo_url","low","342","Татул","photo_url is missing"
"missing_photo_url","low","343","Торфено бранище","photo_url is missing"
"missing_photo_url","low","344","Трански ждрело","photo_url is missing"
"missing_photo_url","low","345","Триглав","photo_url is missing"
"missing_photo_url","low","346","Триградско ждрело","photo_url is missing"
"missing_photo_url","low","347","Трите чуки","photo_url is missing"
"missing_photo_url","low","348","Тъжа","photo_url is missing"
"missing_photo_url","low","349","Тъмната гора","photo_url is missing"
"missing_photo_url","low","350","Узунбуджак","photo_url is missing"
"missing_photo_url","low","351","Урдини езера","photo_url is missing"
"missing_photo_url","low","352","Хайдушка песен","photo_url is missing"
"missing_photo_url","low","353","Хайдушка поляна","photo_url is missing"
"missing_photo_url","low","354","Хайдушки поляни","photo_url is missing"
"missing_photo_url","low","355","Хайдушки чуки","photo_url is missing"
"missing_photo_url","low","356","Халката","photo_url is missing"
"missing_photo_url","low","357","Царството на зелениката","photo_url is missing"
"missing_photo_url","low","358","Централен Балкан","photo_url is missing"
"missing_photo_url","low","359","Цигов чарк","photo_url is missing"
"missing_photo_url","low","360","Чаирски езера","photo_url is missing"
"missing_photo_url","low","361","Черепишки манастир","photo_url is missing"
"missing_photo_url","low","362","Чернелка","photo_url is missing"
"missing_photo_url","low","363","Черни връх","photo_url is missing"
"missing_photo_url","low","364","Чипровски водопад","photo_url is missing"
"missing_photo_url","low","365","Чифлик","photo_url is missing"
"missing_photo_url","low","366","Чудните мостове","photo_url is missing"
"missing_photo_url","low","367","Чуйпетлово","photo_url is missing"
"missing_photo_url","low","368","Шабла","photo_url is missing"
"missing_photo_url","low","369","Шейтан дере","photo_url is missing"
"missing_photo_url","low","370","Шипка","photo_url is missing"
"missing_photo_url","low","371","Шипково","photo_url is missing"
"missing_photo_url","low","372","Широка поляна","photo_url is missing"
"missing_photo_url","low","373","Шуменско плато","photo_url is missing"
"missing_photo_url","low","374","Юмрукчал","photo_url is missing"
"missing_photo_url","low","375","Юндола","photo_url is missing"
"missing_photo_url","low","376","Ябланица","photo_url is missing"
"missing_photo_url","low","377","Ябланишко ждрело","photo_url is missing"
"missing_photo_url","low","378","Ягодинска пещера","photo_url is missing"
"missing_photo_url","low","379","Яйлата","photo_url is missing"
"missing_photo_url","low","380","до Кирилова поляна
259. \* Екопътека","photo_url is missing"
"missing_photo_url","low","381","до Муратово езеро
247. \* Екопътека","photo_url is missing"
"missing_photo_url","low","382","до Стрелча (Минерални извори)
295. \* Екопътека","photo_url is missing"
"missing_photo_url","low","383","до Тевно езеро
253. \* Екопътека","photo_url is missing"
"missing_photo_url","low","384","до водопад Женското пръскало
277. \* Екопътека","photo_url is missing"
"missing_photo_url","low","385","до връх Богдан
293. \* Екопътека","photo_url is missing"
"missing_photo_url","low","386","до връх Вежен
289. \* Екопътека","photo_url is missing"
"missing_photo_url","low","387","до връх Вихрен (класически маршрут)
245. \* Екопътека","photo_url is missing"
"missing_photo_url","low","388","до връх Могила
214. \* Екопътека","photo_url is missing"
"missing_photo_url","low","389","до връх Половрак
344. \* Екопътека","photo_url is missing"
"missing_photo_url","low","390","до крепостта","photo_url is missing"
"missing_photo_url","low","391","до пещера","photo_url is missing"
"missing_photo_url","low","392","към в. Свобода
228. \* Екопътека","photo_url is missing"
"missing_photo_url","low","393","към водопад Кадемлийско пръскало
269. \* Екопътека","photo_url is missing"
"missing_photo_url","low","394","към х. Безводно
230. \* Екопътека","photo_url is missing"
"missing_photo_url","low","395","към хижа Рай (от Паниците)
283. \* Екопътека","photo_url is missing"
"missing_photo_url","low","396","към хижа Рибни езера
249. \* Екопътека","photo_url is missing"
"missing_photo_url","low","397","към хижа Синаница
241. \* Екопътека","photo_url is missing"
"missing_photo_url","low","398","на Дунавските рибари
326. \* Екопътека","photo_url is missing"
"missing_photo_url","low","399","на Рилската иглика
237. \* Екопътека","photo_url is missing"
"missing_photo_url","low","400","на Свободата (Шипка)
279. \* Екопътека","photo_url is missing"
"missing_photo_url","low","401","на Чучулигите
271. \* Екопътека","photo_url is missing"
"missing_photo_url","low","402","на балканската дива коза
243. \* Екопътека","photo_url is missing"
"missing_photo_url","low","403","на билките (Бродилово)
302. \* Екопътека","photo_url is missing"
"missing_photo_url","low","404","на здравето","photo_url is missing"
"missing_photo_url","low","405","на миньора (Росен)
308. \* Екопътека","photo_url is missing"
"missing_photo_url","low","406","на партизаните (историческа)
222. \* Екопътека","photo_url is missing"
"missing_photo_url","low","443","Русенски Лом","photo_url is missing"
"missing_photo_url","low","454","E8 Етап 9: Чепино - триградско ждрело","photo_url is missing"
"missing_photo_url","low","455","E8 Етап 10: Триградско ждрело - Смолян","photo_url is missing"
"missing_photo_url","low","457","Дяволската пътека (Борино)
11. \* Екопътека","photo_url is missing"
"missing_photo_url","low","469","Смолянски езера","photo_url is missing"
"missing_photo_url","low","471","на занаятите (Златоград)
216. \* Екопътека","photo_url is missing"
"missing_photo_url","low","472","на здравето (Девин)
203. \* Екопътека","photo_url is missing"
"missing_photo_url","low","486","E4 Етап 1: Витоша - Княжево - Жиголово","photo_url is missing"
"missing_photo_url","low","487","E4 Етап 2: Жиголово - Перелик","photo_url is missing"
"missing_photo_url","low","488","E4 Етап 6: Маричини езера - Боровец","photo_url is missing"
"missing_photo_url","low","489","E4 Етап 7: Боровец - връх Мусала","photo_url is missing"
"missing_photo_url","low","490","E8 Етап 5: Стоб - Пасарел","photo_url is missing"
"missing_photo_url","low","491","E8 Етап 7: Лозен - Костенец","photo_url is missing"
"missing_photo_url","low","492","E8 Етап 6: Пасарел - връх Лозен","photo_url is missing"
"missing_photo_url","low","493","Боянски водопад","photo_url is missing"
"missing_photo_url","low","494","Боянско езеро","photo_url is missing"
"missing_photo_url","low","495","Драгалевци – Черни връх","photo_url is missing"
"missing_photo_url","low","497","Кладница – Селимица","photo_url is missing"
"missing_photo_url","low","498","Към Самоков","photo_url is missing"
"missing_photo_url","low","500","към езеро Окото (Пирин)
239. \* Екопътека","photo_url is missing"
"missing_photo_url","low","511","Вазова екопътека (Гара Бов)
3. \* Екопътека","photo_url is missing"
"missing_photo_url","low","62","Врацата","photo_url is missing"
"missing_photo_url","low","78","E3 Етап 4: Витиня - Кардиново","photo_url is missing"
"missing_photo_url","low","79","E3 Етап 5: Кардиново - Тетевен","photo_url is missing"
"missing_photo_url","low","80","E3 Етап 6: Тетевен - Чулово","photo_url is missing"
"missing_photo_url","low","81","E3 Етап 7: Чулово - Боян","photo_url is missing"
"missing_photo_url","low","82","E3 Етап 8: Боян - Розова долина","photo_url is missing"
"missing_photo_url","low","83","E3 Етап 9: Розова долина - Шипка","photo_url is missing"
"missing_photo_url","low","84","E8 Етап 8: Костенец - Чепино","photo_url is missing"
"missing_photo_url","low","93","Тетевенска баба","photo_url is missing"
"missing_length_km","medium","1","Екопътека ""Ерантис"" – Киреево","trail_details.length_km is missing"
"missing_length_km","medium","106","Екопътека до Киселчовски водопад","trail_details.length_km is missing"
"missing_length_km","medium","107","Вазова екопътека","trail_details.length_km is missing"
"missing_length_km","medium","112","Екопътека ""Пътят на Сърцето""","trail_details.length_km is missing"
"missing_length_km","medium","122","Екопътека ""Гложене - Гложенски манастир - пещера Моровица""","trail_details.length_km is missing"
"missing_length_km","medium","124","Екопътека ""Опасният зъб""","trail_details.length_km is missing"
"missing_length_km","medium","131","Местност за отдих Мийковци","trail_details.length_km is missing"
"missing_length_km","medium","132","Местност за пикник с. Малко Чочовени","trail_details.length_km is missing"
"missing_length_km","medium","134","Екопътека Искър-Панега","trail_details.length_km is missing"
"missing_length_km","medium","141","Екопътека ""Беглика""","trail_details.length_km is missing"
"missing_length_km","medium","143","Екопътека ""Поглед към девет планини""","trail_details.length_km is missing"
"missing_length_km","medium","145","Православен мемориален кръст „Памет и вяра”","trail_details.length_km is missing"
"missing_length_km","medium","149","Екопътека ""Попската скала""","trail_details.length_km is missing"
"missing_length_km","medium","15","Долина на река Благоевградска Бистрица","trail_details.length_km is missing"
"missing_length_km","medium","151","""Зелената пътека"" - Бачковски манастир","trail_details.length_km is missing"
"missing_length_km","medium","152","Агушеви конаци","trail_details.length_km is missing"
"missing_length_km","medium","153","Академика","trail_details.length_km is missing"
"missing_length_km","medium","154","Аладжа манастир","trail_details.length_km is missing"
"missing_length_km","medium","155","Албутински манастир","trail_details.length_km is missing"
"missing_length_km","medium","156","Алеко","trail_details.length_km is missing"
"missing_length_km","medium","157","Алея на билките","trail_details.length_km is missing"
"missing_length_km","medium","158","Али ботуш","trail_details.length_km is missing"
"missing_length_km","medium","159","Ардинци","trail_details.length_km is missing"
"missing_length_km","medium","16","Екопътека ""Белица - Кръстова гора""","trail_details.length_km is missing"
"missing_length_km","medium","160","Аркутино","trail_details.length_km is missing"
"missing_length_km","medium","161","Атанасовско езеро","trail_details.length_km is missing"
"missing_length_km","medium","162","Баба Вида","trail_details.length_km is missing"
"missing_length_km","medium","163","Бабин пласт","trail_details.length_km is missing"
"missing_length_km","medium","164","Бабини Видини кули","trail_details.length_km is missing"
"missing_length_km","medium","165","Бабско пръскало","trail_details.length_km is missing"
"missing_length_km","medium","166","Байкушевата мура","trail_details.length_km is missing"
"missing_length_km","medium","167","Балчик","trail_details.length_km is missing"
"missing_length_km","medium","168","Батак","trail_details.length_km is missing"
"missing_length_km","medium","169","Беглик таш","trail_details.length_km is missing"
"missing_length_km","medium","170","Беглика","trail_details.length_km is missing"
"missing_length_km","medium","171","Беглика рали","trail_details.length_km is missing"
"missing_length_km","medium","172","Беклемето","trail_details.length_km is missing"
"missing_length_km","medium","173","Беласица","trail_details.length_km is missing"
"missing_length_km","medium","174","Бели Искър","trail_details.length_km is missing"
"missing_length_km","medium","175","Белинташ","trail_details.length_km is missing"
"missing_length_km","medium","176","Белмекен","trail_details.length_km is missing"
"missing_length_km","medium","177","Белоградчишки скали","trail_details.length_km is missing"
"missing_length_km","medium","178","Биосферен резерват","trail_details.length_km is missing"
"missing_length_km","medium","179","Бистрица","trail_details.length_km is missing"
"missing_length_km","medium","180","Бистришко бранище","trail_details.length_km is missing"
"missing_length_km","medium","181","Бодрост","trail_details.length_km is missing"
"missing_length_km","medium","182","Божевски водопад","trail_details.length_km is missing"
"missing_length_km","medium","183","Божият мост","trail_details.length_km is missing"
"missing_length_km","medium","184","Болата","trail_details.length_km is missing"
"missing_length_km","medium","185","Ботев връх","trail_details.length_km is missing"
"missing_length_km","medium","186","Бродилово","trail_details.length_km is missing"
"missing_length_km","medium","187","Бузлуджа","trail_details.length_km is missing"
"missing_length_km","medium","188","Буйновско ждрело","trail_details.length_km is missing"
"missing_length_km","medium","189","Буная","trail_details.length_km is missing"
"missing_length_km","medium","190","Българи","trail_details.length_km is missing"
"missing_length_km","medium","191","Бяла река","trail_details.length_km is missing"
"missing_length_km","medium","192","В царството на зелениката","trail_details.length_km is missing"
"missing_length_km","medium","193","Варовитец","trail_details.length_km is missing"
"missing_length_km","medium","194","Велека","trail_details.length_km is missing"
"missing_length_km","medium","195","Видимско пръскало","trail_details.length_km is missing"
"missing_length_km","medium","196","Вкаменената сватба","trail_details.length_km is missing"
"missing_length_km","medium","197","Врабча","trail_details.length_km is missing"
"missing_length_km","medium","198","Вратцата","trail_details.length_km is missing"
"missing_length_km","medium","199","Врелото","trail_details.length_km is missing"
"missing_length_km","medium","2","Екопътека ""Етър-Соколски манастир""","trail_details.length_km is missing"
"missing_length_km","medium","20","Екопътека ""Мелник - Роженски манастир""","trail_details.length_km is missing"
"missing_length_km","medium","200","Вълчи камък","trail_details.length_km is missing"
"missing_length_km","medium","201","Геопарк Искър-Панега","trail_details.length_km is missing"
"missing_length_km","medium","202","Гложенски манастир","trail_details.length_km is missing"
"missing_length_km","medium","203","Голяма Сюткя","trail_details.length_km is missing"
"missing_length_km","medium","204","Горица","trail_details.length_km is missing"
"missing_length_km","medium","205","Горна земя","trail_details.length_km is missing"
"missing_length_km","medium","206","Градище","trail_details.length_km is missing"
"missing_length_km","medium","207","Граматиково","trail_details.length_km is missing"
"missing_length_km","medium","208","Двете реки","trail_details.length_km is missing"
"missing_length_km","medium","209","Деветашка пещера","trail_details.length_km is missing"
"missing_length_km","medium","21","Екопътека ""Пътеката на дивата коза""","trail_details.length_km is missing"
"missing_length_km","medium","210","Дерменка","trail_details.length_km is missing"
"missing_length_km","medium","211","Долмените","trail_details.length_km is missing"
"missing_length_km","medium","212","Доспат","trail_details.length_km is missing"
"missing_length_km","medium","213","Драгоманско блато","trail_details.length_km is missing"
"missing_length_km","medium","214","Дуранкулак","trail_details.length_km is missing"
"missing_length_km","medium","215","Дървото на живота","trail_details.length_km is missing"
"missing_length_km","medium","216","Дяволски мост","trail_details.length_km is missing"
"missing_length_km","medium","217","Дяволското гърло","trail_details.length_km is missing"
"missing_length_km","medium","223","Екопътека ""Стражка могила""","trail_details.length_km is missing"
"missing_length_km","medium","226","Енина","trail_details.length_km is missing"
"missing_length_km","medium","227","Етрополски водопад","trail_details.length_km is missing"
"missing_length_km","medium","228","Жеравна","trail_details.length_km is missing"
"missing_length_km","medium","229","Златна Панега","trail_details.length_km is missing"
"missing_length_km","medium","23","Екопътека ""Тай3ните на водата"" и водопад ""Срамежливеца""","trail_details.length_km is missing"
"missing_length_km","medium","230","Златни пясъци","trail_details.length_km is missing"
"missing_length_km","medium","231","Златните мостове","trail_details.length_km is missing"
"missing_length_km","medium","232","Златолист","trail_details.length_km is missing"
"missing_length_km","medium","233","Ивановски скални църкви","trail_details.length_km is missing"
"missing_length_km","medium","234","Изворите на Младежка","trail_details.length_km is missing"
"missing_length_km","medium","235","Изворите на река Въча","trail_details.length_km is missing"
"missing_length_km","medium","236","Индипаска","trail_details.length_km is missing"
"missing_length_km","medium","237","Искър-Панега","trail_details.length_km is missing"
"missing_length_km","medium","238","Кадемлийско пръскало","trail_details.length_km is missing"
"missing_length_km","medium","239","Казанджи дере","trail_details.length_km is missing"
"missing_length_km","medium","24","Скално образование ""Камината"" – Бов","trail_details.length_km is missing"
"missing_length_km","medium","240","Калиакра","trail_details.length_km is missing"
"missing_length_km","medium","241","Каменни гъби","trail_details.length_km is missing"
"missing_length_km","medium","242","Камчийски пясъци","trail_details.length_km is missing"
"missing_length_km","medium","243","Камчия","trail_details.length_km is missing"
"missing_length_km","medium","244","Каньона на водопадите","trail_details.length_km is missing"
"missing_length_km","medium","245","Каньонът на река Герзовица","trail_details.length_km is missing"
"missing_length_km","medium","247","Караджов камък","trail_details.length_km is missing"
"missing_length_km","medium","248","Карандила","trail_details.length_km is missing"
"missing_length_km","medium","249","Картала","trail_details.length_km is missing"
"missing_length_km","medium","250","Кечика Кая","trail_details.length_km is missing"
"missing_length_km","medium","251","Кикиш","trail_details.length_km is missing"
"missing_length_km","medium","252","Кирилова поляна","trail_details.length_km is missing"
"missing_length_km","medium","253","Киселчово","trail_details.length_km is missing"
"missing_length_km","medium","254","Княжевска пътека","trail_details.length_km is missing"
"missing_length_km","medium","255","Кобилино бранище","trail_details.length_km is missing"
"missing_length_km","medium","256","Кожух планина","trail_details.length_km is missing"
"missing_length_km","medium","257","Козя стена","trail_details.length_km is missing"
"missing_length_km","medium","258","Комините","trail_details.length_km is missing"
"missing_length_km","medium","259","Копитото – Момина скала","trail_details.length_km is missing"
"missing_length_km","medium","260","Копрен","trail_details.length_km is missing"
"missing_length_km","medium","261","Кости","trail_details.length_km is missing"
"missing_length_km","medium","262","Костина","trail_details.length_km is missing"
"missing_length_km","medium","263","Котел","trail_details.length_km is missing"
"missing_length_km","medium","264","Крушунски водопади","trail_details.length_km is missing"
"missing_length_km","medium","265","Кръстова гора","trail_details.length_km is missing"
"missing_length_km","medium","266","Кървавата скала","trail_details.length_km is missing"
"missing_length_km","medium","267","Лакатнишки скали","trail_details.length_km is missing"
"missing_length_km","medium","268","Леденика","trail_details.length_km is missing"
"missing_length_km","medium","269","Лешнишки водопад","trail_details.length_km is missing"
"missing_length_km","medium","270","Лисиците","trail_details.length_km is missing"
"missing_length_km","medium","271","Лозенски манастир","trail_details.length_km is missing"
"missing_length_km","medium","272","Ломски каньон","trail_details.length_km is missing"
"missing_length_km","medium","273","Лъвската глава","trail_details.length_km is missing"
"missing_length_km","medium","274","Мадарски конник","trail_details.length_km is missing"
"missing_length_km","medium","275","Мазалат","trail_details.length_km is missing"
"missing_length_km","medium","276","Малко Търново","trail_details.length_km is missing"
"missing_length_km","medium","277","Мальовица","trail_details.length_km is missing"
"missing_length_km","medium","278","Марциганица","trail_details.length_km is missing"
"missing_length_km","medium","279","Маслен нос","trail_details.length_km is missing"
"missing_length_km","medium","280","Меандри на Арда","trail_details.length_km is missing"
"missing_length_km","medium","281","Меаните","trail_details.length_km is missing"
"missing_length_km","medium","282","Медвен","trail_details.length_km is missing"
"missing_length_km","medium","283","Мелнишки пирамиди","trail_details.length_km is missing"
"missing_length_km","medium","284","Мечи стъпки","trail_details.length_km is missing"
"missing_length_km","medium","285","Минерални бани","trail_details.length_km is missing"
"missing_length_km","medium","286","Мишкова нива","trail_details.length_km is missing"
"missing_length_km","medium","287","Момчил юнак","trail_details.length_km is missing"
"missing_length_km","medium","288","Момчилова крепост","trail_details.length_km is missing"
"missing_length_km","medium","289","Невястата","trail_details.length_km is missing"
"missing_length_km","medium","290","Обесен камък","trail_details.length_km is missing"
"missing_length_km","medium","291","Окопна манастир","trail_details.length_km is missing"
"missing_length_km","medium","292","Ореляк","trail_details.length_km is missing"
"missing_length_km","medium","293","Орлови скали","trail_details.length_km is missing"
"missing_length_km","medium","294","Орлово око","trail_details.length_km is missing"
"missing_length_km","medium","295","Парилско седло","trail_details.length_km is missing"
"missing_length_km","medium","296","Пеещи скали","trail_details.length_km is missing"
"missing_length_km","medium","297","Перперикон","trail_details.length_km is missing"
"missing_length_km","medium","298","Петрова нива","trail_details.length_km is missing"
"missing_length_km","medium","299","Пещера Песнопой","trail_details.length_km is missing"
"missing_length_km","medium","3","Екопътека ""Збегове"" – Белоградчик","trail_details.length_km is missing"
"missing_length_km","medium","30","Дивите кактуси на Синеморец","trail_details.length_km is missing"
"missing_length_km","medium","300","Поглед към девет планини","trail_details.length_km is missing"
"missing_length_km","medium","301","Пода","trail_details.length_km is missing"
"missing_length_km","medium","302","Поломие","trail_details.length_km is missing"
"missing_length_km","medium","303","Поляната","trail_details.length_km is missing"
"missing_length_km","medium","304","Поморие","trail_details.length_km is missing"
"missing_length_km","medium","305","Понтийски път","trail_details.length_km is missing"
"missing_length_km","medium","306","Попови ливади","trail_details.length_km is missing"
"missing_length_km","medium","307","Правешка екопътека","trail_details.length_km is missing"
"missing_length_km","medium","308","Пътека","trail_details.length_km is missing"
"missing_length_km","medium","309","Райското пръскало","trail_details.length_km is missing"
"missing_length_km","medium","310","Резово","trail_details.length_km is missing"
"missing_length_km","medium","311","Рибарица","trail_details.length_km is missing"
"missing_length_km","medium","312","Рибни езера","trail_details.length_km is missing"
"missing_length_km","medium","313","Рилски манастир","trail_details.length_km is missing"
"missing_length_km","medium","314","Ритлите","trail_details.length_km is missing"
"missing_length_km","medium","315","Роженски манастир","trail_details.length_km is missing"
"missing_length_km","medium","316","Ропотамо","trail_details.length_km is missing"
"missing_length_km","medium","317","Рупите","trail_details.length_km is missing"
"missing_length_km","medium","318","Русалка","trail_details.length_km is missing"
"missing_length_km","medium","319","Самуилова крепост","trail_details.length_km is missing"
"missing_length_km","medium","320","Сандански","trail_details.length_km is missing"
"missing_length_km","medium","321","Света Петка","trail_details.length_km is missing"
"missing_length_km","medium","322","Светлина","trail_details.length_km is missing"
"missing_length_km","medium","323","Седемте рилски езера","trail_details.length_km is missing"
"missing_length_km","medium","324","Силистар","trail_details.length_km is missing"
"missing_length_km","medium","325","Симеоновски езера","trail_details.length_km is missing"
"missing_length_km","medium","326","Сините камъни","trail_details.length_km is missing"
"missing_length_km","medium","327","Синия вир","trail_details.length_km is missing"
"missing_length_km","medium","328","Скакавица","trail_details.length_km is missing"
"missing_length_km","medium","329","Скакля","trail_details.length_km is missing"
"missing_length_km","medium","330","Скални манастири","trail_details.length_km is missing"
"missing_length_km","medium","331","Скални църкви","trail_details.length_km is missing"
"missing_length_km","medium","332","Славянка","trail_details.length_km is missing"
"missing_length_km","medium","333","Соколна","trail_details.length_km is missing"
"missing_length_km","medium","334","Соколски манастир","trail_details.length_km is missing"
"missing_length_km","medium","335","Стената","trail_details.length_km is missing"
"missing_length_km","medium","336","Стобски пирамиди","trail_details.length_km is missing"
"missing_length_km","medium","337","Странджански дъб","trail_details.length_km is missing"
"missing_length_km","medium","338","Струилица – Калето – Лъката","trail_details.length_km is missing"
"missing_length_km","medium","339","Сухото езеро","trail_details.length_km is missing"
"missing_length_km","medium","340","Сърница","trail_details.length_km is missing"
"missing_length_km","medium","341","Табашката пещера","trail_details.length_km is missing"
"missing_length_km","medium","342","Татул","trail_details.length_km is missing"
"missing_length_km","medium","343","Торфено бранище","trail_details.length_km is missing"
"missing_length_km","medium","344","Трански ждрело","trail_details.length_km is missing"
"missing_length_km","medium","345","Триглав","trail_details.length_km is missing"
"missing_length_km","medium","346","Триградско ждрело","trail_details.length_km is missing"
"missing_length_km","medium","347","Трите чуки","trail_details.length_km is missing"
"missing_length_km","medium","348","Тъжа","trail_details.length_km is missing"
"missing_length_km","medium","349","Тъмната гора","trail_details.length_km is missing"
"missing_length_km","medium","35","Екопътека до Преображенския манастир","trail_details.length_km is missing"
"missing_length_km","medium","350","Узунбуджак","trail_details.length_km is missing"
"missing_length_km","medium","351","Урдини езера","trail_details.length_km is missing"
"missing_length_km","medium","352","Хайдушка песен","trail_details.length_km is missing"
"missing_length_km","medium","353","Хайдушка поляна","trail_details.length_km is missing"
"missing_length_km","medium","354","Хайдушки поляни","trail_details.length_km is missing"
"missing_length_km","medium","355","Хайдушки чуки","trail_details.length_km is missing"
"missing_length_km","medium","356","Халката","trail_details.length_km is missing"
"missing_length_km","medium","357","Царството на зелениката","trail_details.length_km is missing"
"missing_length_km","medium","358","Централен Балкан","trail_details.length_km is missing"
"missing_length_km","medium","359","Цигов чарк","trail_details.length_km is missing"
"missing_length_km","medium","36","Еменски каньон","trail_details.length_km is missing"
"missing_length_km","medium","360","Чаирски езера","trail_details.length_km is missing"
"missing_length_km","medium","361","Черепишки манастир","trail_details.length_km is missing"
"missing_length_km","medium","362","Чернелка","trail_details.length_km is missing"
"missing_length_km","medium","363","Черни връх","trail_details.length_km is missing"
"missing_length_km","medium","364","Чипровски водопад","trail_details.length_km is missing"
"missing_length_km","medium","365","Чифлик","trail_details.length_km is missing"
"missing_length_km","medium","366","Чудните мостове","trail_details.length_km is missing"
"missing_length_km","medium","367","Чуйпетлово","trail_details.length_km is missing"
"missing_length_km","medium","368","Шабла","trail_details.length_km is missing"
"missing_length_km","medium","369","Шейтан дере","trail_details.length_km is missing"
"missing_length_km","medium","370","Шипка","trail_details.length_km is missing"
"missing_length_km","medium","371","Шипково","trail_details.length_km is missing"
"missing_length_km","medium","372","Широка поляна","trail_details.length_km is missing"
"missing_length_km","medium","373","Шуменско плато","trail_details.length_km is missing"
"missing_length_km","medium","374","Юмрукчал","trail_details.length_km is missing"
"missing_length_km","medium","375","Юндола","trail_details.length_km is missing"
"missing_length_km","medium","376","Ябланица","trail_details.length_km is missing"
"missing_length_km","medium","377","Ябланишко ждрело","trail_details.length_km is missing"
"missing_length_km","medium","378","Ягодинска пещера","trail_details.length_km is missing"
"missing_length_km","medium","379","Яйлата","trail_details.length_km is missing"
"missing_length_km","medium","380","до Кирилова поляна
259. \* Екопътека","trail_details.length_km is missing"
"missing_length_km","medium","381","до Муратово езеро
247. \* Екопътека","trail_details.length_km is missing"
"missing_length_km","medium","382","до Стрелча (Минерални извори)
295. \* Екопътека","trail_details.length_km is missing"
"missing_length_km","medium","383","до Тевно езеро
253. \* Екопътека","trail_details.length_km is missing"
"missing_length_km","medium","384","до водопад Женското пръскало
277. \* Екопътека","trail_details.length_km is missing"
"missing_length_km","medium","385","до връх Богдан
293. \* Екопътека","trail_details.length_km is missing"
"missing_length_km","medium","386","до връх Вежен
289. \* Екопътека","trail_details.length_km is missing"
"missing_length_km","medium","387","до връх Вихрен (класически маршрут)
245. \* Екопътека","trail_details.length_km is missing"
"missing_length_km","medium","388","до връх Могила
214. \* Екопътека","trail_details.length_km is missing"
"missing_length_km","medium","389","до връх Половрак
344. \* Екопътека","trail_details.length_km is missing"
"missing_length_km","medium","39","Христовски водопад ""Руховци"" (екопътека)","trail_details.length_km is missing"
"missing_length_km","medium","390","до крепостта","trail_details.length_km is missing"
"missing_length_km","medium","391","до пещера","trail_details.length_km is missing"
"missing_length_km","medium","392","към в. Свобода
228. \* Екопътека","trail_details.length_km is missing"
"missing_length_km","medium","393","към водопад Кадемлийско пръскало
269. \* Екопътека","trail_details.length_km is missing"
"missing_length_km","medium","394","към х. Безводно
230. \* Екопътека","trail_details.length_km is missing"
"missing_length_km","medium","395","към хижа Рай (от Паниците)
283. \* Екопътека","trail_details.length_km is missing"
"missing_length_km","medium","396","към хижа Рибни езера
249. \* Екопътека","trail_details.length_km is missing"
"missing_length_km","medium","397","към хижа Синаница
241. \* Екопътека","trail_details.length_km is missing"
"missing_length_km","medium","398","на Дунавските рибари
326. \* Екопътека","trail_details.length_km is missing"
"missing_length_km","medium","399","на Рилската иглика
237. \* Екопътека","trail_details.length_km is missing"
"missing_length_km","medium","4","Екопътека Заслон ""Опасен зъб"" – Тетевен","trail_details.length_km is missing"
"missing_length_km","medium","40","Еко стадион Пишмана","trail_details.length_km is missing"
"missing_length_km","medium","400","на Свободата (Шипка)
279. \* Екопътека","trail_details.length_km is missing"
"missing_length_km","medium","401","на Чучулигите
271. \* Екопътека","trail_details.length_km is missing"
"missing_length_km","medium","402","на балканската дива коза
243. \* Екопътека","trail_details.length_km is missing"
"missing_length_km","medium","403","на билките (Бродилово)
302. \* Екопътека","trail_details.length_km is missing"
"missing_length_km","medium","404","на здравето","trail_details.length_km is missing"
"missing_length_km","medium","405","на миньора (Росен)
308. \* Екопътека","trail_details.length_km is missing"
"missing_length_km","medium","406","на партизаните (историческа)
222. \* Екопътека","trail_details.length_km is missing"
"missing_length_km","medium","409","Разходка до Голак","trail_details.length_km is missing"
"missing_length_km","medium","41","Екопътека ""Планиница""","trail_details.length_km is missing"
"missing_length_km","medium","410","""Пътека на приказките"" – Паничище","trail_details.length_km is missing"
"missing_length_km","medium","413","Пътека ""Към царството на еделвайса""","trail_details.length_km is missing"
"missing_length_km","medium","414","Пътека на глухаря","trail_details.length_km is missing"
"missing_length_km","medium","415","Пътека на рилската иглика","trail_details.length_km is missing"
"missing_length_km","medium","416","Пътеката на Дивата коза","trail_details.length_km is missing"
"missing_length_km","medium","418","Хайдушка пътека с.Годлево – връх Равник","trail_details.length_km is missing"
"missing_length_km","medium","425","Екопътека „Торнал е Тодьо“ – с. Момчиловци","trail_details.length_km is missing"
"missing_length_km","medium","426","Изворите на река Въча – Меандрите на Буйновска река","trail_details.length_km is missing"
"missing_length_km","medium","427","Калдъръмената пътека – Рожен","trail_details.length_km is missing"
"missing_length_km","medium","431","Маршрут с. Орехово – Дяволска дупка","trail_details.length_km is missing"
"missing_length_km","medium","432","Маршрут с. Пловдивци – с. Мочура – Циганско градище – с. Пловдивци","trail_details.length_km is missing"
"missing_length_km","medium","433","Маршрут с. Рибница – крепост Козник","trail_details.length_km is missing"
"missing_length_km","medium","436","Пещера ""Голубовица 2"" с Виа Ферата","trail_details.length_km is missing"
"missing_length_km","medium","439","Смилян – с. Змиево – местност Аламушница – с. Смилян","trail_details.length_km is missing"
"missing_length_km","medium","44","Нископланинска обиколна пътека (НОП) Витоша","trail_details.length_km is missing"
"missing_length_km","medium","443","Русенски Лом","trail_details.length_km is missing"
"missing_length_km","medium","445","Екопътека ""Лаго""","trail_details.length_km is missing"
"missing_length_km","medium","449","Резерват ""Сребърна""","trail_details.length_km is missing"
"missing_length_km","medium","450","Местност Карандила – Сливен","trail_details.length_km is missing"
"missing_length_km","medium","451","Местност Тютюнлюка – Сливен","trail_details.length_km is missing"
"missing_length_km","medium","452","""Синия вир"" – Сливен","trail_details.length_km is missing"
"missing_length_km","medium","453","Хайдушка пътека гр.Сливен – Карандила – Кушбунар","trail_details.length_km is missing"
"missing_length_km","medium","457","Дяволската пътека (Борино)
11. \* Екопътека","trail_details.length_km is missing"
"missing_length_km","medium","458","Екопътека ""Каньона на водопадите"" - Смолян","trail_details.length_km is missing"
"missing_length_km","medium","46","Подход от кв. Бояна","trail_details.length_km is missing"
"missing_length_km","medium","461","Екопътека ""Свети дух""","trail_details.length_km is missing"
"missing_length_km","medium","462","Екопътека ""Сърница Ай""","trail_details.length_km is missing"
"missing_length_km","medium","463","Екопътека ""Трите Смолянски езера""","trail_details.length_km is missing"
"missing_length_km","medium","465","Екопътека ""Царичина""","trail_details.length_km is missing"
"missing_length_km","medium","469","Смолянски езера","trail_details.length_km is missing"
"missing_length_km","medium","47","Подход от кв. Драгалевци","trail_details.length_km is missing"
"missing_length_km","medium","471","на занаятите (Златоград)
216. \* Екопътека","trail_details.length_km is missing"
"missing_length_km","medium","472","на здравето (Девин)
203. \* Екопътека","trail_details.length_km is missing"
"missing_length_km","medium","477","Екопътека ""Параклис"" – с. Врабево","trail_details.length_km is missing"
"missing_length_km","medium","479","Екопътека ""Седмовратица""","trail_details.length_km is missing"
"missing_length_km","medium","48","Подход от кв. Княжево","trail_details.length_km is missing"
"missing_length_km","medium","480","Екопътека ""Тракийски могили""","trail_details.length_km is missing"
"missing_length_km","medium","483","Директни изкачвания на Черни връх","trail_details.length_km is missing"
"missing_length_km","medium","485","Туристическа екопътека ""Тульово""","trail_details.length_km is missing"
"missing_length_km","medium","49","Подход от м. Златни мостове","trail_details.length_km is missing"
"missing_length_km","medium","493","Боянски водопад","trail_details.length_km is missing"
"missing_length_km","medium","494","Боянско езеро","trail_details.length_km is missing"
"missing_length_km","medium","495","Драгалевци – Черни връх","trail_details.length_km is missing"
"missing_length_km","medium","497","Кладница – Селимица","trail_details.length_km is missing"
"missing_length_km","medium","498","Към Самоков","trail_details.length_km is missing"
"missing_length_km","medium","5","Екопътека до ""Първия войнишки паметник"" - с. Алдомировци","trail_details.length_km is missing"
"missing_length_km","medium","50","Подход от м. Ярема","trail_details.length_km is missing"
"missing_length_km","medium","500","към езеро Окото (Пирин)
239. \* Екопътека","trail_details.length_km is missing"
"missing_length_km","medium","502","Екопътека ""Пътека през вековете""","trail_details.length_km is missing"
"missing_length_km","medium","503","Резерват ""Камещица"" – ждрело ""Боазът""","trail_details.length_km is missing"
"missing_length_km","medium","506","Калоферски мегалити ""Драмовете""","trail_details.length_km is missing"
"missing_length_km","medium","507","Каменишки водопади","trail_details.length_km is missing"
"missing_length_km","medium","508","Пейката на любовта","trail_details.length_km is missing"
"missing_length_km","medium","509","Странджанска горска пътека","trail_details.length_km is missing"
"missing_length_km","medium","51","Подход от с. Бистрица","trail_details.length_km is missing"
"missing_length_km","medium","511","Вазова екопътека (Гара Бов)
3. \* Екопътека","trail_details.length_km is missing"
"missing_length_km","medium","518","Екопътека ""Тайните водопади""","trail_details.length_km is missing"
"missing_length_km","medium","519","Чипровски водопад, Екопътека Демяница","trail_details.length_km is missing"
"missing_length_km","medium","52","Подход от с. Боснек","trail_details.length_km is missing"
"missing_length_km","medium","521","Екопътека ""Мадарски конник""","trail_details.length_km is missing"
"missing_length_km","medium","53","Подход от с. Владая","trail_details.length_km is missing"
"missing_length_km","medium","54","Подход от с. Железница","trail_details.length_km is missing"
"missing_length_km","medium","55","Подход от с. Кладница","trail_details.length_km is missing"
"missing_length_km","medium","56","Подход от с. Рударци","trail_details.length_km is missing"
"missing_length_km","medium","57","Подход от с. Чуйпетлово","trail_details.length_km is missing"
"missing_length_km","medium","58","Подход от с. Ярлово","trail_details.length_km is missing"
"missing_length_km","medium","60","Среднопланинска обиколна пътека (СОП)","trail_details.length_km is missing"
"missing_length_km","medium","62","Врацата","trail_details.length_km is missing"
"missing_length_km","medium","63","Екопътека ""Тектонски грабен Калето""","trail_details.length_km is missing"
"missing_length_km","medium","65","Горска пътека на приказките","trail_details.length_km is missing"
"missing_length_km","medium","68","Исторически маршрут „Антична и средновековна Вратица”","trail_details.length_km is missing"
"missing_length_km","medium","69","Исторически маршрут „По стъпките на Ботевата чета”","trail_details.length_km is missing"
"missing_length_km","medium","7","Местност за пикник Орешак","trail_details.length_km is missing"
"missing_length_km","medium","70","Местност КАРИЕРАТА – къмпинг над с. Згориград","trail_details.length_km is missing"
"missing_length_km","medium","71","Наследствена пътека с. Очин дол","trail_details.length_km is missing"
"missing_length_km","medium","72","Познавателен маршрут „Белоглавият лешояд в ПП Врачански Балкан”","trail_details.length_km is missing"
"missing_length_km","medium","73","Познавателен маршрут „Враца – пещера Леденика”","trail_details.length_km is missing"
"missing_length_km","medium","74","Познавателен маршрут „Карст и биологично разнообразие”","trail_details.length_km is missing"
"missing_length_km","medium","75","Познавателен маршрут „Планинарство за начинаещи”","trail_details.length_km is missing"
"missing_length_km","medium","76","Спортно-туристически маршрут „Горска пътека на здравето“","trail_details.length_km is missing"
"missing_length_km","medium","8","Местност Бялата чешма – Самуилово","trail_details.length_km is missing"
"missing_length_km","medium","9","Хайдушки водопади (екопътека)","trail_details.length_km is missing"
"missing_length_km","medium","91","Екопътека ""Узана""","trail_details.length_km is missing"
"missing_length_km","medium","92","Екопътека Трявна - АИР ""Боженци""","trail_details.length_km is missing"
"missing_length_km","medium","93","Тетевенска баба","trail_details.length_km is missing"
"missing_length_km","medium","94","Дряновска екопътека","trail_details.length_km is missing"
"missing_length_km","medium","95","Екопътека Via Ferrata","trail_details.length_km is missing"
"missing_length_km","medium","96","Екопътека ""Камъка"" - Горна Оряховица","trail_details.length_km is missing"
"missing_nearest_town","medium","141","Екопътека ""Беглика""","location.nearest_town is missing"
"missing_nearest_town","medium","15","Долина на река Благоевградска Бистрица","location.nearest_town is missing"
"missing_nearest_town","medium","152","Агушеви конаци","location.nearest_town is missing"
"missing_nearest_town","medium","153","Академика","location.nearest_town is missing"
"missing_nearest_town","medium","154","Аладжа манастир","location.nearest_town is missing"
"missing_nearest_town","medium","156","Алеко","location.nearest_town is missing"
"missing_nearest_town","medium","157","Алея на билките","location.nearest_town is missing"
"missing_nearest_town","medium","158","Али ботуш","location.nearest_town is missing"
"missing_nearest_town","medium","159","Ардинци","location.nearest_town is missing"
"missing_nearest_town","medium","160","Аркутино","location.nearest_town is missing"
"missing_nearest_town","medium","161","Атанасовско езеро","location.nearest_town is missing"
"missing_nearest_town","medium","162","Баба Вида","location.nearest_town is missing"
"missing_nearest_town","medium","163","Бабин пласт","location.nearest_town is missing"
"missing_nearest_town","medium","164","Бабини Видини кули","location.nearest_town is missing"
"missing_nearest_town","medium","165","Бабско пръскало","location.nearest_town is missing"
"missing_nearest_town","medium","166","Байкушевата мура","location.nearest_town is missing"
"missing_nearest_town","medium","167","Балчик","location.nearest_town is missing"
"missing_nearest_town","medium","169","Беглик таш","location.nearest_town is missing"
"missing_nearest_town","medium","170","Беглика","location.nearest_town is missing"
"missing_nearest_town","medium","171","Беглика рали","location.nearest_town is missing"
"missing_nearest_town","medium","172","Беклемето","location.nearest_town is missing"
"missing_nearest_town","medium","173","Беласица","location.nearest_town is missing"
"missing_nearest_town","medium","174","Бели Искър","location.nearest_town is missing"
"missing_nearest_town","medium","175","Белинташ","location.nearest_town is missing"
"missing_nearest_town","medium","176","Белмекен","location.nearest_town is missing"
"missing_nearest_town","medium","177","Белоградчишки скали","location.nearest_town is missing"
"missing_nearest_town","medium","178","Биосферен резерват","location.nearest_town is missing"
"missing_nearest_town","medium","180","Бистришко бранище","location.nearest_town is missing"
"missing_nearest_town","medium","181","Бодрост","location.nearest_town is missing"
"missing_nearest_town","medium","182","Божевски водопад","location.nearest_town is missing"
"missing_nearest_town","medium","183","Божият мост","location.nearest_town is missing"
"missing_nearest_town","medium","184","Болата","location.nearest_town is missing"
"missing_nearest_town","medium","185","Ботев връх","location.nearest_town is missing"
"missing_nearest_town","medium","186","Бродилово","location.nearest_town is missing"
"missing_nearest_town","medium","187","Бузлуджа","location.nearest_town is missing"
"missing_nearest_town","medium","188","Буйновско ждрело","location.nearest_town is missing"
"missing_nearest_town","medium","189","Буная","location.nearest_town is missing"
"missing_nearest_town","medium","190","Българи","location.nearest_town is missing"
"missing_nearest_town","medium","191","Бяла река","location.nearest_town is missing"
"missing_nearest_town","medium","192","В царството на зелениката","location.nearest_town is missing"
"missing_nearest_town","medium","193","Варовитец","location.nearest_town is missing"
"missing_nearest_town","medium","194","Велека","location.nearest_town is missing"
"missing_nearest_town","medium","195","Видимско пръскало","location.nearest_town is missing"
"missing_nearest_town","medium","196","Вкаменената сватба","location.nearest_town is missing"
"missing_nearest_town","medium","197","Врабча","location.nearest_town is missing"
"missing_nearest_town","medium","198","Вратцата","location.nearest_town is missing"
"missing_nearest_town","medium","199","Врелото","location.nearest_town is missing"
"missing_nearest_town","medium","200","Вълчи камък","location.nearest_town is missing"
"missing_nearest_town","medium","201","Геопарк Искър-Панега","location.nearest_town is missing"
"missing_nearest_town","medium","202","Гложенски манастир","location.nearest_town is missing"
"missing_nearest_town","medium","203","Голяма Сюткя","location.nearest_town is missing"
"missing_nearest_town","medium","204","Горица","location.nearest_town is missing"
"missing_nearest_town","medium","205","Горна земя","location.nearest_town is missing"
"missing_nearest_town","medium","206","Градище","location.nearest_town is missing"
"missing_nearest_town","medium","207","Граматиково","location.nearest_town is missing"
"missing_nearest_town","medium","208","Двете реки","location.nearest_town is missing"
"missing_nearest_town","medium","209","Деветашка пещера","location.nearest_town is missing"
"missing_nearest_town","medium","210","Дерменка","location.nearest_town is missing"
"missing_nearest_town","medium","211","Долмените","location.nearest_town is missing"
"missing_nearest_town","medium","213","Драгоманско блато","location.nearest_town is missing"
"missing_nearest_town","medium","214","Дуранкулак","location.nearest_town is missing"
"missing_nearest_town","medium","215","Дървото на живота","location.nearest_town is missing"
"missing_nearest_town","medium","216","Дяволски мост","location.nearest_town is missing"
"missing_nearest_town","medium","217","Дяволското гърло","location.nearest_town is missing"
"missing_nearest_town","medium","227","Етрополски водопад","location.nearest_town is missing"
"missing_nearest_town","medium","228","Жеравна","location.nearest_town is missing"
"missing_nearest_town","medium","229","Златна Панега","location.nearest_town is missing"
"missing_nearest_town","medium","230","Златни пясъци","location.nearest_town is missing"
"missing_nearest_town","medium","231","Златните мостове","location.nearest_town is missing"
"missing_nearest_town","medium","232","Златолист","location.nearest_town is missing"
"missing_nearest_town","medium","233","Ивановски скални църкви","location.nearest_town is missing"
"missing_nearest_town","medium","234","Изворите на Младежка","location.nearest_town is missing"
"missing_nearest_town","medium","235","Изворите на река Въча","location.nearest_town is missing"
"missing_nearest_town","medium","236","Индипаска","location.nearest_town is missing"
"missing_nearest_town","medium","237","Искър-Панега","location.nearest_town is missing"
"missing_nearest_town","medium","238","Кадемлийско пръскало","location.nearest_town is missing"
"missing_nearest_town","medium","239","Казанджи дере","location.nearest_town is missing"
"missing_nearest_town","medium","240","Калиакра","location.nearest_town is missing"
"missing_nearest_town","medium","241","Каменни гъби","location.nearest_town is missing"
"missing_nearest_town","medium","242","Камчийски пясъци","location.nearest_town is missing"
"missing_nearest_town","medium","243","Камчия","location.nearest_town is missing"
"missing_nearest_town","medium","244","Каньона на водопадите","location.nearest_town is missing"
"missing_nearest_town","medium","245","Каньонът на река Герзовица","location.nearest_town is missing"
"missing_nearest_town","medium","247","Караджов камък","location.nearest_town is missing"
"missing_nearest_town","medium","248","Карандила","location.nearest_town is missing"
"missing_nearest_town","medium","249","Картала","location.nearest_town is missing"
"missing_nearest_town","medium","250","Кечика Кая","location.nearest_town is missing"
"missing_nearest_town","medium","251","Кикиш","location.nearest_town is missing"
"missing_nearest_town","medium","252","Кирилова поляна","location.nearest_town is missing"
"missing_nearest_town","medium","254","Княжевска пътека","location.nearest_town is missing"
"missing_nearest_town","medium","255","Кобилино бранище","location.nearest_town is missing"
"missing_nearest_town","medium","256","Кожух планина","location.nearest_town is missing"
"missing_nearest_town","medium","257","Козя стена","location.nearest_town is missing"
"missing_nearest_town","medium","258","Комините","location.nearest_town is missing"
"missing_nearest_town","medium","259","Копитото – Момина скала","location.nearest_town is missing"
"missing_nearest_town","medium","260","Копрен","location.nearest_town is missing"
"missing_nearest_town","medium","261","Кости","location.nearest_town is missing"
"missing_nearest_town","medium","262","Костина","location.nearest_town is missing"
"missing_nearest_town","medium","263","Котел","location.nearest_town is missing"
"missing_nearest_town","medium","264","Крушунски водопади","location.nearest_town is missing"
"missing_nearest_town","medium","265","Кръстова гора","location.nearest_town is missing"
"missing_nearest_town","medium","266","Кървавата скала","location.nearest_town is missing"
"missing_nearest_town","medium","267","Лакатнишки скали","location.nearest_town is missing"
"missing_nearest_town","medium","268","Леденика","location.nearest_town is missing"
"missing_nearest_town","medium","269","Лешнишки водопад","location.nearest_town is missing"
"missing_nearest_town","medium","270","Лисиците","location.nearest_town is missing"
"missing_nearest_town","medium","271","Лозенски манастир","location.nearest_town is missing"
"missing_nearest_town","medium","272","Ломски каньон","location.nearest_town is missing"
"missing_nearest_town","medium","273","Лъвската глава","location.nearest_town is missing"
"missing_nearest_town","medium","274","Мадарски конник","location.nearest_town is missing"
"missing_nearest_town","medium","275","Мазалат","location.nearest_town is missing"
"missing_nearest_town","medium","276","Малко Търново","location.nearest_town is missing"
"missing_nearest_town","medium","277","Мальовица","location.nearest_town is missing"
"missing_nearest_town","medium","278","Марциганица","location.nearest_town is missing"
"missing_nearest_town","medium","279","Маслен нос","location.nearest_town is missing"
"missing_nearest_town","medium","280","Меандри на Арда","location.nearest_town is missing"
"missing_nearest_town","medium","281","Меаните","location.nearest_town is missing"
"missing_nearest_town","medium","282","Медвен","location.nearest_town is missing"
"missing_nearest_town","medium","283","Мелнишки пирамиди","location.nearest_town is missing"
"missing_nearest_town","medium","284","Мечи стъпки","location.nearest_town is missing"
"missing_nearest_town","medium","285","Минерални бани","location.nearest_town is missing"
"missing_nearest_town","medium","286","Мишкова нива","location.nearest_town is missing"
"missing_nearest_town","medium","287","Момчил юнак","location.nearest_town is missing"
"missing_nearest_town","medium","288","Момчилова крепост","location.nearest_town is missing"
"missing_nearest_town","medium","289","Невястата","location.nearest_town is missing"
"missing_nearest_town","medium","290","Обесен камък","location.nearest_town is missing"
"missing_nearest_town","medium","291","Окопна манастир","location.nearest_town is missing"
"missing_nearest_town","medium","292","Ореляк","location.nearest_town is missing"
"missing_nearest_town","medium","293","Орлови скали","location.nearest_town is missing"
"missing_nearest_town","medium","294","Орлово око","location.nearest_town is missing"
"missing_nearest_town","medium","295","Парилско седло","location.nearest_town is missing"
"missing_nearest_town","medium","296","Пеещи скали","location.nearest_town is missing"
"missing_nearest_town","medium","297","Перперикон","location.nearest_town is missing"
"missing_nearest_town","medium","298","Петрова нива","location.nearest_town is missing"
"missing_nearest_town","medium","299","Пещера Песнопой","location.nearest_town is missing"
"missing_nearest_town","medium","300","Поглед към девет планини","location.nearest_town is missing"
"missing_nearest_town","medium","301","Пода","location.nearest_town is missing"
"missing_nearest_town","medium","302","Поломие","location.nearest_town is missing"
"missing_nearest_town","medium","303","Поляната","location.nearest_town is missing"
"missing_nearest_town","medium","304","Поморие","location.nearest_town is missing"
"missing_nearest_town","medium","305","Понтийски път","location.nearest_town is missing"
"missing_nearest_town","medium","306","Попови ливади","location.nearest_town is missing"
"missing_nearest_town","medium","307","Правешка екопътека","location.nearest_town is missing"
"missing_nearest_town","medium","308","Пътека","location.nearest_town is missing"
"missing_nearest_town","medium","309","Райското пръскало","location.nearest_town is missing"
"missing_nearest_town","medium","31","Red Dot Trail - Витоша","location.nearest_town is missing"
"missing_nearest_town","medium","310","Резово","location.nearest_town is missing"
"missing_nearest_town","medium","311","Рибарица","location.nearest_town is missing"
"missing_nearest_town","medium","312","Рибни езера","location.nearest_town is missing"
"missing_nearest_town","medium","313","Рилски манастир","location.nearest_town is missing"
"missing_nearest_town","medium","314","Ритлите","location.nearest_town is missing"
"missing_nearest_town","medium","315","Роженски манастир","location.nearest_town is missing"
"missing_nearest_town","medium","316","Ропотамо","location.nearest_town is missing"
"missing_nearest_town","medium","317","Рупите","location.nearest_town is missing"
"missing_nearest_town","medium","318","Русалка","location.nearest_town is missing"
"missing_nearest_town","medium","319","Самуилова крепост","location.nearest_town is missing"
"missing_nearest_town","medium","32","Боров камък - Враца","location.nearest_town is missing"
"missing_nearest_town","medium","320","Сандански","location.nearest_town is missing"
"missing_nearest_town","medium","321","Света Петка","location.nearest_town is missing"
"missing_nearest_town","medium","322","Светлина","location.nearest_town is missing"
"missing_nearest_town","medium","323","Седемте рилски езера","location.nearest_town is missing"
"missing_nearest_town","medium","324","Силистар","location.nearest_town is missing"
"missing_nearest_town","medium","325","Симеоновски езера","location.nearest_town is missing"
"missing_nearest_town","medium","326","Сините камъни","location.nearest_town is missing"
"missing_nearest_town","medium","327","Синия вир","location.nearest_town is missing"
"missing_nearest_town","medium","328","Скакавица","location.nearest_town is missing"
"missing_nearest_town","medium","329","Скакля","location.nearest_town is missing"
"missing_nearest_town","medium","33","Триградско ждрело - Смолян","location.nearest_town is missing"
"missing_nearest_town","medium","330","Скални манастири","location.nearest_town is missing"
"missing_nearest_town","medium","331","Скални църкви","location.nearest_town is missing"
"missing_nearest_town","medium","332","Славянка","location.nearest_town is missing"
"missing_nearest_town","medium","333","Соколна","location.nearest_town is missing"
"missing_nearest_town","medium","334","Соколски манастир","location.nearest_town is missing"
"missing_nearest_town","medium","335","Стената","location.nearest_town is missing"
"missing_nearest_town","medium","336","Стобски пирамиди","location.nearest_town is missing"
"missing_nearest_town","medium","337","Странджански дъб","location.nearest_town is missing"
"missing_nearest_town","medium","338","Струилица – Калето – Лъката","location.nearest_town is missing"
"missing_nearest_town","medium","339","Сухото езеро","location.nearest_town is missing"
"missing_nearest_town","medium","341","Табашката пещера","location.nearest_town is missing"
"missing_nearest_town","medium","342","Татул","location.nearest_town is missing"
"missing_nearest_town","medium","343","Торфено бранище","location.nearest_town is missing"
"missing_nearest_town","medium","344","Трански ждрело","location.nearest_town is missing"
"missing_nearest_town","medium","345","Триглав","location.nearest_town is missing"
"missing_nearest_town","medium","346","Триградско ждрело","location.nearest_town is missing"
"missing_nearest_town","medium","347","Трите чуки","location.nearest_town is missing"
"missing_nearest_town","medium","348","Тъжа","location.nearest_town is missing"
"missing_nearest_town","medium","349","Тъмната гора","location.nearest_town is missing"
"missing_nearest_town","medium","350","Узунбуджак","location.nearest_town is missing"
"missing_nearest_town","medium","351","Урдини езера","location.nearest_town is missing"
"missing_nearest_town","medium","352","Хайдушка песен","location.nearest_town is missing"
"missing_nearest_town","medium","353","Хайдушка поляна","location.nearest_town is missing"
"missing_nearest_town","medium","354","Хайдушки поляни","location.nearest_town is missing"
"missing_nearest_town","medium","355","Хайдушки чуки","location.nearest_town is missing"
"missing_nearest_town","medium","356","Халката","location.nearest_town is missing"
"missing_nearest_town","medium","357","Царството на зелениката","location.nearest_town is missing"
"missing_nearest_town","medium","358","Централен Балкан","location.nearest_town is missing"
"missing_nearest_town","medium","359","Цигов чарк","location.nearest_town is missing"
"missing_nearest_town","medium","360","Чаирски езера","location.nearest_town is missing"
"missing_nearest_town","medium","361","Черепишки манастир","location.nearest_town is missing"
"missing_nearest_town","medium","362","Чернелка","location.nearest_town is missing"
"missing_nearest_town","medium","363","Черни връх","location.nearest_town is missing"
"missing_nearest_town","medium","364","Чипровски водопад","location.nearest_town is missing"
"missing_nearest_town","medium","365","Чифлик","location.nearest_town is missing"
"missing_nearest_town","medium","366","Чудните мостове","location.nearest_town is missing"
"missing_nearest_town","medium","368","Шабла","location.nearest_town is missing"
"missing_nearest_town","medium","369","Шейтан дере","location.nearest_town is missing"
"missing_nearest_town","medium","370","Шипка","location.nearest_town is missing"
"missing_nearest_town","medium","371","Шипково","location.nearest_town is missing"
"missing_nearest_town","medium","372","Широка поляна","location.nearest_town is missing"
"missing_nearest_town","medium","373","Шуменско плато","location.nearest_town is missing"
"missing_nearest_town","medium","374","Юмрукчал","location.nearest_town is missing"
"missing_nearest_town","medium","375","Юндола","location.nearest_town is missing"
"missing_nearest_town","medium","376","Ябланица","location.nearest_town is missing"
"missing_nearest_town","medium","377","Ябланишко ждрело","location.nearest_town is missing"
"missing_nearest_town","medium","378","Ягодинска пещера","location.nearest_town is missing"
"missing_nearest_town","medium","379","Яйлата","location.nearest_town is missing"
"missing_nearest_town","medium","380","до Кирилова поляна
259. \* Екопътека","location.nearest_town is missing"
"missing_nearest_town","medium","381","до Муратово езеро
247. \* Екопътека","location.nearest_town is missing"
"missing_nearest_town","medium","382","до Стрелча (Минерални извори)
295. \* Екопътека","location.nearest_town is missing"
"missing_nearest_town","medium","383","до Тевно езеро
253. \* Екопътека","location.nearest_town is missing"
"missing_nearest_town","medium","384","до водопад Женското пръскало
277. \* Екопътека","location.nearest_town is missing"
"missing_nearest_town","medium","385","до връх Богдан
293. \* Екопътека","location.nearest_town is missing"
"missing_nearest_town","medium","386","до връх Вежен
289. \* Екопътека","location.nearest_town is missing"
"missing_nearest_town","medium","387","до връх Вихрен (класически маршрут)
245. \* Екопътека","location.nearest_town is missing"
"missing_nearest_town","medium","388","до връх Могила
214. \* Екопътека","location.nearest_town is missing"
"missing_nearest_town","medium","389","до връх Половрак
344. \* Екопътека","location.nearest_town is missing"
"missing_nearest_town","medium","390","до крепостта","location.nearest_town is missing"
"missing_nearest_town","medium","391","до пещера","location.nearest_town is missing"
"missing_nearest_town","medium","392","към в. Свобода
228. \* Екопътека","location.nearest_town is missing"
"missing_nearest_town","medium","393","към водопад Кадемлийско пръскало
269. \* Екопътека","location.nearest_town is missing"
"missing_nearest_town","medium","394","към х. Безводно
230. \* Екопътека","location.nearest_town is missing"
"missing_nearest_town","medium","395","към хижа Рай (от Паниците)
283. \* Екопътека","location.nearest_town is missing"
"missing_nearest_town","medium","396","към хижа Рибни езера
249. \* Екопътека","location.nearest_town is missing"
"missing_nearest_town","medium","397","към хижа Синаница
241. \* Екопътека","location.nearest_town is missing"
"missing_nearest_town","medium","398","на Дунавските рибари
326. \* Екопътека","location.nearest_town is missing"
"missing_nearest_town","medium","399","на Рилската иглика
237. \* Екопътека","location.nearest_town is missing"
"missing_nearest_town","medium","400","на Свободата (Шипка)
279. \* Екопътека","location.nearest_town is missing"
"missing_nearest_town","medium","401","на Чучулигите
271. \* Екопътека","location.nearest_town is missing"
"missing_nearest_town","medium","402","на балканската дива коза
243. \* Екопътека","location.nearest_town is missing"
"missing_nearest_town","medium","403","на билките (Бродилово)
302. \* Екопътека","location.nearest_town is missing"
"missing_nearest_town","medium","404","на здравето","location.nearest_town is missing"
"missing_nearest_town","medium","405","на миньора (Росен)
308. \* Екопътека","location.nearest_town is missing"
"missing_nearest_town","medium","406","на партизаните (историческа)
222. \* Екопътека","location.nearest_town is missing"
"missing_nearest_town","medium","443","Русенски Лом","location.nearest_town is missing"
"missing_nearest_town","medium","457","Дяволската пътека (Борино)
11. \* Екопътека","location.nearest_town is missing"
"missing_nearest_town","medium","469","Смолянски езера","location.nearest_town is missing"
"missing_nearest_town","medium","471","на занаятите (Златоград)
216. \* Екопътека","location.nearest_town is missing"
"missing_nearest_town","medium","472","на здравето (Девин)
203. \* Екопътека","location.nearest_town is missing"
"missing_nearest_town","medium","493","Боянски водопад","location.nearest_town is missing"
"missing_nearest_town","medium","494","Боянско езеро","location.nearest_town is missing"
"missing_nearest_town","medium","495","Драгалевци – Черни връх","location.nearest_town is missing"
"missing_nearest_town","medium","497","Кладница – Селимица","location.nearest_town is missing"
"missing_nearest_town","medium","498","Към Самоков","location.nearest_town is missing"
"missing_nearest_town","medium","500","към езеро Окото (Пирин)
239. \* Екопътека","location.nearest_town is missing"
"missing_nearest_town","medium","511","Вазова екопътека (Гара Бов)
3. \* Екопътека","location.nearest_town is missing"
"missing_nearest_town","medium","62","Врацата","location.nearest_town is missing"
"missing_nearest_town","medium","93","Тетевенска баба","location.nearest_town is missing"
