"id","name","region","nearest_town","latitude","longitude","length_km","difficulty","route_type","description_existing","enriched_description_bg","short_summary_bg","key_highlights","terrain_and_difficulty","suitable_for","best_season","cautions","nearby_points_of_interest","sources_urls","confidence","reviewer_notes"
"2","Екопътека ""Етър-Соколски манастир""","","Етър",,,"не е посочена","умерена","линеен","Трасето на пътеката минава през гориста местност и свързва двата популярни туристически обекта.","","","","","","","","","","",""
"7","Местност за пикник Орешак","Балчик","Орешак",,,"не е посочена","лека","отдих","Място за пикник и отмора с изградени маси, пейки и огнище. В близост се намира чешма Кюмюр.","","","","","","","","","","",""
"10","E4 Етап 10: Вихрен - Банско","Благоевград","Благоевград",,,"12","умерена","европейски маршрут","Спускане към град Банско със модерни удобства","","","","","","","","","","",""
"11","E4 Етап 11: Банско - Славянка планина","Благоевград","Благоевград",,,"28","трудна","европейски маршрут","Преминаване към изоставената красива планина на юг","","","","","","","","","","",""
"12","E4 Етап 12: Славянка връх - Мелник","Благоевград","Благоевград",,,"16","умерена","европейски маршрут","Спускане към Мелник, край на E4 в България","","","","","","","","","","",""
"13","E4 Етап 8: Мусала - Пирин национален парк","Благоевград","Благоевград",,,"25","трудна","европейски маршрут","Преминаване към заснежените върхове на Пирин","","","","","","","","","","",""
"14","E4 Етап 9: Пирин - връх Вихрен","Благоевград","Благоевград",,,"14","трудна","европейски маршрут","Восход към вторият най-висок връх в България","","","","","","","","","","",""
"15","Долина на река Благоевградска Бистрица","Благоевград","",,,"","умерена","кръгов","Екопътека във България, регион Благоевград. Долина на река Благоевградска Бистрица.","","","","","","","","","","",""
"16","Екопътека ""Белица - Кръстова гора""","Благоевград","Белица",,,"не е посочена","умерена","линеен","Екопътека до гора Кръстова.","","","","","","","","","","",""
"25","E3 Етап 10: Шипка - Емине връх","Большое Търново","Большое Търново",,,"18","трудна","европейски маршрут","Финален етап към връх Емине, край на E3","","","","","","","","","","",""
"29","Екопътека ""Пътят на ясния месец""","Бургас","Бръшлян",,,"11","лека до средна","линеен","Започва от с. Бръшлян, минава през природен парк ""Странджа"", свързва с. Бръшлян и Стоилово. Минава през параклис ""Св. Пантелеймон"".","","","","","","","","","","",""
"31","Red Dot Trail - Витоша","България","",,,"15 км","средна","маршрут","Класически маршрут на Витоша с червени маркировки","","","","","","","","","","",""
"32","Боров камък - Враца","България","",,,"12 км","средна","маршрут","Маршрут до водопада Боров камък","","","","","","","","","","",""
"33","Триградско ждрело - Смолян","България","",,,"8 км","лека","маршрут","Разходка през каньона на Триградска река","","","","","","","","","","",""
"62","Врацата","Враца","",,,"","умерена","кръгов","Екопътека във България, регион Враца. Врацата.","","","","","","","","","","",""
"74","Познавателен маршрут „Карст и биологично разнообразие”","Врачански Балкан","Враца",,,"не е посочена","лесен","кръгов","Кръгов маршрут от пещера Леденика, с информация за карстови форми, флора и фауна, места за отдих и обзорна кула с изглед към Дунавската равнина.","","","","","","","","","","",""
"75","Познавателен маршрут „Планинарство за начинаещи”","Врачански Балкан","Враца",,,"не е посочена","лесен","линеен","Маршрутът започва от м. Леденика, минава през букова гора, открити пасища, скални венци и пещера Песопин камък, с чешма и кът за отдих.","","","","","","","","","","",""
"78","E3 Етап 4: Витиня - Кардиново","Габрово","Габрово",,,"25","трудна","европейски маршрут","Преминаване към источната част на Стара Планина","","","","","","","","","","",""
"79","E3 Етап 5: Кардиново - Тетевен","Габрово","Габрово",,,"16","умерена","европейски маршрут","Спускане към град Тетевен с красивите пещери","","","","","","","","","","",""
"80","E3 Етап 6: Тетевен - Чулово","Габрово","Габрово",,,"14","умерена","европейски маршрут","Маршрут през северните склонове","","","","","","","","","","",""
"81","E3 Етап 7: Чулово - Боян","Габрово","Габрово",,,"19","трудна","европейски маршрут","Възход към хребета със красива панорама","","","","","","","","","","",""
"82","E3 Етап 8: Боян - Розова долина","Габрово","Габрово",,,"21","трудна","европейски маршрут","Преминаване през розовите плантации към Казанлък","","","","","","","","","","",""
"83","E3 Етап 9: Розова долина - Шипка","Габрово","Габрово",,,"12","умерена","европейски маршрут","Исторически маршрут към Шипка с военни паметници","","","","","","","","","","",""
"84","E8 Этап 8: Костенец - Чепино","Габрово","Габрово",,,"22","умерена","европейски маршрут","Преминаване към Централните Родопи","","","","","","","","","","",""
"93","Тетевенска баба","Габрово","",,,"","умерена","кръгов","Екопътека във България, регион Габрово. Тетевенска баба.","","","","","","","","","","",""
"113","E4 Етап 3: Перелик - Рила манастир","Кюстендил","Кюстендил",,,"24","трудна","европейски маршрут","Спускане към Рила със светилища и манастири","","","","","","","","","","",""
"114","E4 Етап 4: Рила манастир - Седемте Рилски езера","Кюстендил","Кюстендил",,,"18","трудна","европейски маршрут","Възход към легендарните седемте планински езера","","","","","","","","","","",""
"115","E4 Етап 5: Озеро - връх Маричини езера","Кюстендил","Кюстендил",,,"22","трудна","европейски маршрут","Преминаване през най-красивите части на Рила","","","","","","","","","","",""
"116","E8 Етап 1: Рила манастир - Врелото","Кюстендил","Кюстендил",,,"14","умерена","европейски маршрут","Начало на E8 от Рила събора към минерални извори","","","","","","","","","","",""
"117","E8 Етап 2: Врелото - Рилска пустиня","Кюстендил","Кюстендил",,,"18","трудна","европейски маршрут","Суров маршрут през пустинната част на Рила","","","","","","","","","","",""
"118","E8 Етап 3: Рилска пустиня - Урдини езера","Кюстендил","Кюстендил",,,"20","трудна","европейски маршрут","Преминаване към ледниковите езера в южна Рила","","","","","","","","","","",""
"119","E8 Етап 4: Урдини езера - връх Стобски пирамиди","Кюстендил","Кюстендил",,,"16","трудна","европейски маршрут","Нестандартна геология със стобските пирамиди","","","","","","","","","","",""
"120","E3 Етап 2: Петрохан - Лакатник","Ловеч","Ловеч",,,"22","трудна","европейски маршрут","Продължение по гребена на Стара Планина през хижа Петрохан","","","","","","","","","","",""
"121","E3 Етап 3: Лакатник - Витиня","Ловеч","Ловеч",,,"20","трудна","европейски маршрут","Маршрут през Лакатнишките скали и каньона на р. Лакатник","","","","","","","","","","",""
"127","Екопътека ""През очите на времето - история и природа""","Ловеч","Крушуна",,,"3","лека","линеен","Пешеходен маршрут за наблюдение на флора и фауна, започва от центъра на с. Крушуна, минава през природни и исторически забележителности.","","","","","","","","","","",""
"136","E3 Етап 1: Ком връх - Петрохан","Монтана","Монтана",,,"18","трудна","европейски маршрут","Исторически маршрут Ком-Емине, начало от връх Ком с висок статут по Стара Планина","","","","","","","","","","",""
"149","Екопътека ""Попската скала""","Плевен","Плевен",,,"не е посочена","стръмна","линеен","Маркирана екопътека в сърцето на местността ""Кайлъка"", започва от язовир ""Тотлебенов вал"", стръмна и кратка, открива спираща дъх гледка.","","","","","","","","","","",""
"152","Агушеви конаци","Пловдив","",,,"","умерена","кръгов","Екопътека във България, регион Пловдив. Агушеви конаци.","","","","","","","","","","",""
"153","Академика","Пловдив","",,,"","умерена","кръгов","Екопътека във България, регион Пловдив. Академика.","","","","","","","","","","",""
"154","Аладжа манастир","Пловдив","",,,"","умерена","кръгов","Екопътека във България, регион Пловдив. Аладжа манастир.","","","","","","","","","","",""
"155","Албутински манастир","Пловдив","",,,"","умерена","кръгов","Екопътека във България, регион Пловдив. Албутински манастир.","","","","","","","","","","",""
"156","Алеко","Пловдив","",,,"","умерена","кръгов","Екопътека във България, регион Пловдив. Алеко.","","","","","","","","","","",""
"157","Алея на билките","Пловдив","",,,"","лека","кръгов","Екопътека във България, регион Пловдив. Алея на билките.","","","","","","","","","","",""
"158","Али ботуш","Пловдив","",,,"","умерена","кръгов","Екопътека във България, регион Пловдив. Али ботуш.","","","","","","","","","","",""
"159","Ардинци","Пловдив","",,,"","умерена","кръгов","Екопътека във България, регион Пловдив. Ардинци.","","","","","","","","","","",""
"160","Аркутино","Пловдив","",,,"","умерена","кръгов","Екопътека във България, регион Пловдив. Аркутино.","","","","","","","","","","",""
"161","Атанасовско езеро","Пловдив","",,,"","умерена","кръгов","Екопътека във България, регион Пловдив. Атанасовско езеро.","","","","","","","","","","",""
"162","Баба Вида","Пловдив","",,,"","умерена","кръгов","Екопътека във България, регион Пловдив. Баба Вида.","","","","","","","","","","",""
"163","Бабин пласт","Пловдив","",,,"","умерена","кръгов","Екопътека във България, регион Пловдив. Бабин пласт.","","","","","","","","","","",""
"164","Бабини Видини кули","Пловдив","",,,"","умерена","кръгов","Екопътека във България, регион Пловдив. Бабини Видини кули.","","","","","","","","","","",""
"165","Бабско пръскало","Пловдив","",,,"","умерена","кръгов","Екопътека във България, регион Пловдив. Бабско пръскало.","","","","","","","","","","",""
"166","Байкушевата мура","Пловдив","",,,"","умерена","кръгов","Екопътека във България, регион Пловдив. Байкушевата мура.","","","","","","","","","","",""
"167","Балчик","Пловдив","",,,"","умерена","кръгов","Екопътека във България, регион Пловдив. Балчик.","","","","","","","","","","",""
"168","Батак","Пловдив","",,,"","умерена","кръгов","Екопътека във България, регион Пловдив. Батак.","","","","","","","","","","",""
"169","Беглик таш","Пловдив","",,,"","умерена","кръгов","Екопътека във България, регион Пловдив. Беглик таш.","","","","","","","","","","",""
"170","Беглика","Пловдив","",,,"","умерена","кръгов","Екопътека във България, регион Пловдив. Беглика.","","","","","","","","","","",""
"171","Беглика рали","Пловдив","",,,"","умерена","кръгов","Екопътека във България, регион Пловдив. Беглика рали.","","","","","","","","","","",""
"172","Беклемето","Пловдив","",,,"","умерена","кръгов","Екопътека във България, регион Пловдив. Беклемето.","","","","","","","","","","",""
"173","Беласица","Пловдив","",,,"","умерена","кръгов","Екопътека във България, регион Пловдив. Беласица.","","","","","","","","","","",""
"174","Бели Искър","Пловдив","",,,"","умерена","кръгов","Екопътека във България, регион Пловдив. Бели Искър.","","","","","","","","","","",""
"175","Белинташ","Пловдив","",,,"","умерена","кръгов","Екопътека във България, регион Пловдив. Белинташ.","","","","","","","","","","",""
"176","Белмекен","Пловдив","",,,"","умерена","кръгов","Екопътека във България, регион Пловдив. Белмекен.","","","","","","","","","","",""
"177","Белоградчишки скали","Пловдив","",,,"","умерена","кръгов","Екопътека във България, регион Пловдив. Белоградчишки скали.","","","","","","","","","","",""
"178","Биосферен резерват","Пловдив","",,,"","умерена","кръгов","Екопътека във България, регион Пловдив. Биосферен резерват.","","","","","","","","","","",""
"179","Бистрица","Пловдив","",,,"","умерена","кръгов","Екопътека във България, регион Пловдив. Бистрица.","","","","","","","","","","",""
"180","Бистришко бранище","Пловдив","",,,"","умерена","кръгов","Екопътека във България, регион Пловдив. Бистришко бранище.","","","","","","","","","","",""
"181","Бодрост","Пловдив","",,,"","умерена","кръгов","Екопътека във България, регион Пловдив. Бодрост.","","","","","","","","","","",""
"182","Божевски водопад","Пловдив","",,,"","умерена","кръгов","Екопътека във България, регион Пловдив. Божевски водопад.","","","","","","","","","","",""
"183","Божият мост","Пловдив","",,,"","умерена","кръгов","Екопътека във България, регион Пловдив. Божият мост.","","","","","","","","","","",""
"184","Болата","Пловдив","",,,"","умерена","кръгов","Екопътека във България, регион Пловдив. Болата.","","","","","","","","","","",""
"185","Ботев връх","Пловдив","",,,"","трудна","кръгов","Екопътека във България, регион Пловдив. Ботев връх.","","","","","","","","","","",""
"186","Бродилово","Пловдив","",,,"","умерена","кръгов","Екопътека във България, регион Пловдив. Бродилово.","","","","","","","","","","",""
"187","Бузлуджа","Пловдив","",,,"","умерена","кръгов","Екопътека във България, регион Пловдив. Бузлуджа.","","","","","","","","","","",""
"188","Буйновско ждрело","Пловдив","",,,"","умерена","кръгов","Екопътека във България, регион Пловдив. Буйновско ждрело.","","","","","","","","","","",""
"189","Буная","Пловдив","",,,"","умерена","кръгов","Екопътека във България, регион Пловдив. Буная.","","","","","","","","","","",""
"190","Българи","Пловдив","",,,"","умерена","кръгов","Екопътека във България, регион Пловдив. Българи.","","","","","","","","","","",""
"191","Бяла река","Пловдив","",,,"","умерена","кръгов","Екопътека във България, регион Пловдив. Бяла река.","","","","","","","","","","",""
"192","В царството на зелениката","Пловдив","",,,"","умерена","кръгов","Екопътека във България, регион Пловдив. В царството на зелениката.","","","","","","","","","","",""
"193","Варовитец","Пловдив","",,,"","умерена","кръгов","Екопътека във България, регион Пловдив. Варовитец.","","","","","","","","","","",""
"194","Велека","Пловдив","",,,"","умерена","кръгов","Екопътека във България, регион Пловдив. Велека.","","","","","","","","","","",""
"195","Видимско пръскало","Пловдив","",,,"","умерена","кръгов","Екопътека във България, регион Пловдив. Видимско пръскало.","","","","","","","","","","",""
"196","Вкаменената сватба","Пловдив","",,,"","умерена","кръгов","Екопътека във България, регион Пловдив. Вкаменената сватба.","","","","","","","","","","",""
"197","Врабча","Пловдив","",,,"","умерена","кръгов","Екопътека във България, регион Пловдив. Врабча.","","","","","","","","","","",""
"198","Вратцата","Пловдив","",,,"","умерена","кръгов","Екопътека във България, регион Пловдив. Вратцата.","","","","","","","","","","",""
"199","Врелото","Пловдив","",,,"","умерена","кръгов","Екопътека във България, регион Пловдив. Врелото.","","","","","","","","","","",""
"200","Вълчи камък","Пловдив","",,,"","умерена","кръгов","Екопътека във България, регион Пловдив. Вълчи камък.","","","","","","","","","","",""
"201","Геопарк Искър-Панега","Пловдив","",,,"","лека","кръгов","Екопътека във България, регион Пловдив. Геопарк Искър-Панега.","","","","","","","","","","",""
"202","Гложенски манастир","Пловдив","",,,"","умерена","кръгов","Екопътека във България, регион Пловдив. Гложенски манастир.","","","","","","","","","","",""
"203","Голяма Сюткя","Пловдив","",,,"","умерена","кръгов","Екопътека във България, регион Пловдив. Голяма Сюткя.","","","","","","","","","","",""
"204","Горица","Пловдив","",,,"","умерена","кръгов","Екопътека във България, регион Пловдив. Горица.","","","","","","","","","","",""
"205","Горна земя","Пловдив","",,,"","умерена","кръгов","Екопътека във България, регион Пловдив. Горна земя.","","","","","","","","","","",""
"206","Градище","Пловдив","",,,"","умерена","кръгов","Екопътека във България, регион Пловдив. Градище.","","","","","","","","","","",""
"207","Граматиково","Пловдив","",,,"","умерена","кръгов","Екопътека във България, регион Пловдив. Граматиково.","","","","","","","","","","",""
"208","Двете реки","Пловдив","",,,"","умерена","кръгов","Екопътека във България, регион Пловдив. Двете реки.","","","","","","","","","","",""
"209","Деветашка пещера","Пловдив","",,,"","умерена","кръгов","Екопътека във България, регион Пловдив. Деветашка пещера.","","","","","","","","","","",""
"210","Дерменка","Пловдив","",,,"","умерена","кръгов","Екопътека във България, регион Пловдив. Дерменка.","","","","","","","","","","",""
"211","Долмените","Пловдив","",,,"","умерена","кръгов","Екопътека във България, регион Пловдив. Долмените.","","","","","","","","","","",""
"212","Доспат","Пловдив","",,,"","умерена","кръгов","Екопътека във България, регион Пловдив. Доспат.","","","","","","","","","","",""
"213","Драгоманско блато","Пловдив","",,,"","умерена","кръгов","Екопътека във България, регион Пловдив. Драгоманско блато.","","","","","","","","","","",""
"214","Дуранкулак","Пловдив","",,,"","умерена","кръгов","Екопътека във България, регион Пловдив. Дуранкулак.","","","","","","","","","","",""
"215","Дървото на живота","Пловдив","",,,"","умерена","кръгов","Екопътека във България, регион Пловдив. Дървото на живота.","","","","","","","","","","",""
"216","Дяволски мост","Пловдив","",,,"","умерена","кръгов","Екопътека във България, регион Пловдив. Дяволски мост.","","","","","","","","","","",""
"217","Дяволското гърло","Пловдив","",,,"","умерена","кръгов","Екопътека във България, регион Пловдив. Дяволското гърло.","","","","","","","","","","",""
"226","Енина","Пловдив","",,,"","умерена","кръгов","Екопътека във България, регион Пловдив. Енина.","","","","","","","","","","",""
"227","Етрополски водопад","Пловдив","",,,"","умерена","кръгов","Екопътека във България, регион Пловдив. Етрополски водопад.","","","","","","","","","","",""
"228","Жеравна","Пловдив","",,,"","умерена","кръгов","Екопътека във България, регион Пловдив. Жеравна.","","","","","","","","","","",""
"229","Златна Панега","Пловдив","",,,"","умерена","кръгов","Екопътека във България, регион Пловдив. Златна Панега.","","","","","","","","","","",""
"230","Златни пясъци","Пловдив","",,,"","умерена","кръгов","Екопътека във България, регион Пловдив. Златни пясъци.","","","","","","","","","","",""
"231","Златните мостове","Пловдив","",,,"","умерена","кръгов","Екопътека във България, регион Пловдив. Златните мостове.","","","","","","","","","","",""
"232","Златолист","Пловдив","",,,"","умерена","кръгов","Екопътека във България, регион Пловдив. Златолист.","","","","","","","","","","",""
"233","Ивановски скални църкви","Пловдив","",,,"","умерена","кръгов","Екопътека във България, регион Пловдив. Ивановски скални църкви.","","","","","","","","","","",""
"234","Изворите на Младежка","Пловдив","",,,"","умерена","кръгов","Екопътека във България, регион Пловдив. Изворите на Младежка.","","","","","","","","","","",""
"235","Изворите на река Въча","Пловдив","",,,"","умерена","кръгов","Екопътека във България, регион Пловдив. Изворите на река Въча.","","","","","","","","","","",""
"236","Индипаска","Пловдив","",,,"","умерена","кръгов","Екопътека във България, регион Пловдив. Индипаска.","","","","","","","","","","",""
"237","Искър-Панега","Пловдив","",,,"","умерена","кръгов","Екопътека във България, регион Пловдив. Искър-Панега.","","","","","","","","","","",""
"238","Кадемлийско пръскало","Пловдив","",,,"","умерена","кръгов","Екопътека във България, регион Пловдив. Кадемлийско пръскало.","","","","","","","","","","",""
"239","Казанджи дере","Пловдив","",,,"","умерена","кръгов","Екопътека във България, регион Пловдив. Казанджи дере.","","","","","","","","","","",""
"240","Калиакра","Пловдив","",,,"","умерена","кръгов","Екопътека във България, регион Пловдив. Калиакра.","","","","","","","","","","",""
"241","Каменни гъби","Пловдив","",,,"","умерена","кръгов","Екопътека във България, регион Пловдив. Каменни гъби.","","","","","","","","","","",""
"242","Камчийски пясъци","Пловдив","",,,"","умерена","кръгов","Екопътека във България, регион Пловдив. Камчийски пясъци.","","","","","","","","","","",""
"243","Камчия","Пловдив","",,,"","умерена","кръгов","Екопътека във България, регион Пловдив. Камчия.","","","","","","","","","","",""
"244","Каньона на водопадите","Пловдив","",,,"","умерена","кръгов","Екопътека във България, регион Пловдив. Каньона на водопадите.","","","","","","","","","","",""
"245","Каньонът на река Герзовица","Пловдив","",,,"","умерена","кръгов","Екопътека във България, регион Пловдив. Каньонът на река Герзовица.","","","","","","","","","","",""
"247","Караджов камък","Пловдив","",,,"","умерена","кръгов","Екопътека във България, регион Пловдив. Караджов камък.","","","","","","","","","","",""
"248","Карандила","Пловдив","",,,"","умерена","кръгов","Екопътека във България, регион Пловдив. Карандила.","","","","","","","","","","",""
"249","Картала","Пловдив","",,,"","умерена","кръгов","Екопътека във България, регион Пловдив. Картала.","","","","","","","","","","",""
"250","Кечика Кая","Пловдив","",,,"","умерена","кръгов","Екопътека във България, регион Пловдив. Кечика Кая.","","","","","","","","","","",""
"251","Кикиш","Пловдив","",,,"","умерена","кръгов","Екопътека във България, регион Пловдив. Кикиш.","","","","","","","","","","",""
"252","Кирилова поляна","Пловдив","",,,"","умерена","кръгов","Екопътека във България, регион Пловдив. Кирилова поляна.","","","","","","","","","","",""
"253","Киселчово","Пловдив","",,,"","умерена","кръгов","Екопътека във България, регион Пловдив. Киселчово.","","","","","","","","","","",""
"254","Княжевска пътека","Пловдив","",,,"","умерена","кръгов","Екопътека във България, регион Пловдив. Княжевска пътека.","","","","","","","","","","",""
"255","Кобилино бранище","Пловдив","",,,"","умерена","кръгов","Екопътека във България, регион Пловдив. Кобилино бранище.","","","","","","","","","","",""
"256","Кожух планина","Пловдив","",,,"","умерена","кръгов","Екопътека във България, регион Пловдив. Кожух планина.","","","","","","","","","","",""
"257","Козя стена","Пловдив","",,,"","умерена","кръгов","Екопътека във България, регион Пловдив. Козя стена.","","","","","","","","","","",""
"258","Комините","Пловдив","",,,"","умерена","кръгов","Екопътека във България, регион Пловдив. Комините.","","","","","","","","","","",""
"259","Копитото – Момина скала","Пловдив","",,,"","умерена","кръгов","Екопътека във България, регион Пловдив. Копитото – Момина скала.","","","","","","","","","","",""
"260","Копрен","Пловдив","",,,"","умерена","кръгов","Екопътека във България, регион Пловдив. Копрен.","","","","","","","","","","",""
"261","Кости","Пловдив","",,,"","умерена","кръгов","Екопътека във България, регион Пловдив. Кости.","","","","","","","","","","",""
"262","Костина","Пловдив","",,,"","умерена","кръгов","Екопътека във България, регион Пловдив. Костина.","","","","","","","","","","",""
"263","Котел","Пловдив","",,,"","умерена","кръгов","Екопътека във България, регион Пловдив. Котел.","","","","","","","","","","",""
"264","Крушунски водопади","Пловдив","",,,"","умерена","кръгов","Екопътека във България, регион Пловдив. Крушунски водопади.","","","","","","","","","","",""
"265","Кръстова гора","Пловдив","",,,"","умерена","кръгов","Екопътека във България, регион Пловдив. Кръстова гора.","","","","","","","","","","",""
"266","Кървавата скала","Пловдив","",,,"","умерена","кръгов","Екопътека във България, регион Пловдив. Кървавата скала.","","","","","","","","","","",""
"267","Лакатнишки скали","Пловдив","",,,"","умерена","кръгов","Екопътека във България, регион Пловдив. Лакатнишки скали.","","","","","","","","","","",""
"268","Леденика","Пловдив","",,,"","умерена","кръгов","Екопътека във България, регион Пловдив. Леденика.","","","","","","","","","","",""
"269","Лешнишки водопад","Пловдив","",,,"","умерена","кръгов","Екопътека във България, регион Пловдив. Лешнишки водопад.","","","","","","","","","","",""
"270","Лисиците","Пловдив","",,,"","умерена","кръгов","Екопътека във България, регион Пловдив. Лисиците.","","","","","","","","","","",""
"271","Лозенски манастир","Пловдив","",,,"","умерена","кръгов","Екопътека във България, регион Пловдив. Лозенски манастир.","","","","","","","","","","",""
"272","Ломски каньон","Пловдив","",,,"","умерена","кръгов","Екопътека във България, регион Пловдив. Ломски каньон.","","","","","","","","","","",""
"273","Лъвската глава","Пловдив","",,,"","умерена","кръгов","Екопътека във България, регион Пловдив. Лъвската глава.","","","","","","","","","","",""
"274","Мадарски конник","Пловдив","",,,"","умерена","кръгов","Екопътека във България, регион Пловдив. Мадарски конник.","","","","","","","","","","",""
"275","Мазалат","Пловдив","",,,"","умерена","кръгов","Екопътека във България, регион Пловдив. Мазалат.","","","","","","","","","","",""
"276","Малко Търново","Пловдив","",,,"","умерена","кръгов","Екопътека във България, регион Пловдив. Малко Търново.","","","","","","","","","","",""
"277","Мальовица","Пловдив","",,,"","умерена","кръгов","Екопътека във България, регион Пловдив. Мальовица.","","","","","","","","","","",""
"278","Марциганица","Пловдив","",,,"","умерена","кръгов","Екопътека във България, регион Пловдив. Марциганица.","","","","","","","","","","",""
"279","Маслен нос","Пловдив","",,,"","умерена","кръгов","Екопътека във България, регион Пловдив. Маслен нос.","","","","","","","","","","",""
"280","Меандри на Арда","Пловдив","",,,"","умерена","кръгов","Екопътека във България, регион Пловдив. Меандри на Арда.","","","","","","","","","","",""
"281","Меаните","Пловдив","",,,"","умерена","кръгов","Екопътека във България, регион Пловдив. Меаните.","","","","","","","","","","",""
"282","Медвен","Пловдив","",,,"","умерена","кръгов","Екопътека във България, регион Пловдив. Медвен.","","","","","","","","","","",""
"283","Мелнишки пирамиди","Пловдив","",,,"","умерена","кръгов","Екопътека във България, регион Пловдив. Мелнишки пирамиди.","","","","","","","","","","",""
"284","Мечи стъпки","Пловдив","",,,"","умерена","кръгов","Екопътека във България, регион Пловдив. Мечи стъпки.","","","","","","","","","","",""
"285","Минерални бани","Пловдив","",,,"","умерена","кръгов","Екопътека във България, регион Пловдив. Минерални бани.","","","","","","","","","","",""
"286","Мишкова нива","Пловдив","",,,"","умерена","кръгов","Екопътека във България, регион Пловдив. Мишкова нива.","","","","","","","","","","",""
"287","Момчил юнак","Пловдив","",,,"","умерена","кръгов","Екопътека във България, регион Пловдив. Момчил юнак.","","","","","","","","","","",""
"288","Момчилова крепост","Пловдив","",,,"","умерена","кръгов","Екопътека във България, регион Пловдив. Момчилова крепост.","","","","","","","","","","",""
"289","Невястата","Пловдив","",,,"","умерена","кръгов","Екопътека във България, регион Пловдив. Невястата.","","","","","","","","","","",""
"290","Обесен камък","Пловдив","",,,"","умерена","кръгов","Екопътека във България, регион Пловдив. Обесен камък.","","","","","","","","","","",""
"291","Окопна манастир","Пловдив","",,,"","умерена","кръгов","Екопътека във България, регион Пловдив. Окопна манастир.","","","","","","","","","","",""
"292","Ореляк","Пловдив","",,,"","умерена","кръгов","Екопътека във България, регион Пловдив. Ореляк.","","","","","","","","","","",""
"293","Орлови скали","Пловдив","",,,"","умерена","кръгов","Екопътека във България, регион Пловдив. Орлови скали.","","","","","","","","","","",""
"294","Орлово око","Пловдив","",,,"","умерена","кръгов","Екопътека във България, регион Пловдив. Орлово око.","","","","","","","","","","",""
"295","Парилско седло","Пловдив","",,,"","умерена","кръгов","Екопътека във България, регион Пловдив. Парилско седло.","","","","","","","","","","",""
"296","Пеещи скали","Пловдив","",,,"","умерена","кръгов","Екопътека във България, регион Пловдив. Пеещи скали.","","","","","","","","","","",""
"297","Перперикон","Пловдив","",,,"","умерена","кръгов","Екопътека във България, регион Пловдив. Перперикон.","","","","","","","","","","",""
"298","Петрова нива","Пловдив","",,,"","умерена","кръгов","Екопътека във България, регион Пловдив. Петрова нива.","","","","","","","","","","",""
"299","Пещера Песнопой","Пловдив","",,,"","умерена","кръгов","Екопътека във България, регион Пловдив. Пещера Песнопой.","","","","","","","","","","",""
"300","Поглед към девет планини","Пловдив","",,,"","умерена","кръгов","Екопътека във България, регион Пловдив. Поглед към девет планини.","","","","","","","","","","",""
"301","Пода","Пловдив","",,,"","умерена","кръгов","Екопътека във България, регион Пловдив. Пода.","","","","","","","","","","",""
"302","Поломие","Пловдив","",,,"","умерена","кръгов","Екопътека във България, регион Пловдив. Поломие.","","","","","","","","","","",""
"303","Поляната","Пловдив","",,,"","умерена","кръгов","Екопътека във България, регион Пловдив. Поляната.","","","","","","","","","","",""
"304","Поморие","Пловдив","",,,"","умерена","кръгов","Екопътека във България, регион Пловдив. Поморие.","","","","","","","","","","",""
"305","Понтийски път","Пловдив","",,,"","умерена","кръгов","Екопътека във България, регион Пловдив. Понтийски път.","","","","","","","","","","",""
"306","Попови ливади","Пловдив","",,,"","умерена","кръгов","Екопътека във България, регион Пловдив. Попови ливади.","","","","","","","","","","",""
"307","Правешка екопътека","Пловдив","",,,"","умерена","кръгов","Екопътека във България, регион Пловдив. Правешка екопътека.","","","","","","","","","","",""
"308","Пътека","Пловдив","",,,"","умерена","кръгов","Екопътека във България, регион Пловдив. Пътека.","","","","","","","","","","",""
"309","Райското пръскало","Пловдив","",,,"","умерена","кръгов","Екопътека във България, регион Пловдив. Райското пръскало.","","","","","","","","","","",""
"310","Резово","Пловдив","",,,"","умерена","кръгов","Екопътека във България, регион Пловдив. Резово.","","","","","","","","","","",""
"311","Рибарица","Пловдив","",,,"","умерена","кръгов","Екопътека във България, регион Пловдив. Рибарица.","","","","","","","","","","",""
"312","Рибни езера","Пловдив","",,,"","умерена","кръгов","Екопътека във България, регион Пловдив. Рибни езера.","","","","","","","","","","",""
"313","Рилски манастир","Пловдив","",,,"","умерена","кръгов","Екопътека във България, регион Пловдив. Рилски манастир.","","","","","","","","","","",""
"314","Ритлите","Пловдив","",,,"","умерена","кръгов","Екопътека във България, регион Пловдив. Ритлите.","","","","","","","","","","",""
"315","Роженски манастир","Пловдив","",,,"","умерена","кръгов","Екопътека във България, регион Пловдив. Роженски манастир.","","","","","","","","","","",""
"316","Ропотамо","Пловдив","",,,"","умерена","кръгов","Екопътека във България, регион Пловдив. Ропотамо.","","","","","","","","","","",""
"317","Рупите","Пловдив","",,,"","умерена","кръгов","Екопътека във България, регион Пловдив. Рупите.","","","","","","","","","","",""
"318","Русалка","Пловдив","",,,"","умерена","кръгов","Екопътека във България, регион Пловдив. Русалка.","","","","","","","","","","",""
"319","Самуилова крепост","Пловдив","",,,"","умерена","кръгов","Екопътека във България, регион Пловдив. Самуилова крепост.","","","","","","","","","","",""
"320","Сандански","Пловдив","",,,"","умерена","кръгов","Екопътека във България, регион Пловдив. Сандански.","","","","","","","","","","",""
"321","Света Петка","Пловдив","",,,"","умерена","кръгов","Екопътека във България, регион Пловдив. Света Петка.","","","","","","","","","","",""
"322","Светлина","Пловдив","",,,"","умерена","кръгов","Екопътека във България, регион Пловдив. Светлина.","","","","","","","","","","",""
"323","Седемте рилски езера","Пловдив","",,,"","умерена","кръгов","Екопътека във България, регион Пловдив. Седемте рилски езера.","","","","","","","","","","",""
"324","Силистар","Пловдив","",,,"","умерена","кръгов","Екопътека във България, регион Пловдив. Силистар.","","","","","","","","","","",""
"325","Симеоновски езера","Пловдив","",,,"","умерена","кръгов","Екопътека във България, регион Пловдив. Симеоновски езера.","","","","","","","","","","",""
"326","Сините камъни","Пловдив","",,,"","умерена","кръгов","Екопътека във България, регион Пловдив. Сините камъни.","","","","","","","","","","",""
"327","Синия вир","Пловдив","",,,"","умерена","кръгов","Екопътека във България, регион Пловдив. Синия вир.","","","","","","","","","","",""
"328","Скакавица","Пловдив","",,,"","умерена","кръгов","Екопътека във България, регион Пловдив. Скакавица.","","","","","","","","","","",""
"329","Скакля","Пловдив","",,,"","умерена","кръгов","Екопътека във България, регион Пловдив. Скакля.","","","","","","","","","","",""
"330","Скални манастири","Пловдив","",,,"","умерена","кръгов","Екопътека във България, регион Пловдив. Скални манастири.","","","","","","","","","","",""
"331","Скални църкви","Пловдив","",,,"","умерена","кръгов","Екопътека във България, регион Пловдив. Скални църкви.","","","","","","","","","","",""
"332","Славянка","Пловдив","",,,"","умерена","кръгов","Екопътека във България, регион Пловдив. Славянка.","","","","","","","","","","",""
"333","Соколна","Пловдив","",,,"","умерена","кръгов","Екопътека във България, регион Пловдив. Соколна.","","","","","","","","","","",""
"334","Соколски манастир","Пловдив","",,,"","умерена","кръгов","Екопътека във България, регион Пловдив. Соколски манастир.","","","","","","","","","","",""
"335","Стената","Пловдив","",,,"","умерена","кръгов","Екопътека във България, регион Пловдив. Стената.","","","","","","","","","","",""
"336","Стобски пирамиди","Пловдив","",,,"","умерена","кръгов","Екопътека във България, регион Пловдив. Стобски пирамиди.","","","","","","","","","","",""
"337","Странджански дъб","Пловдив","",,,"","умерена","кръгов","Екопътека във България, регион Пловдив. Странджански дъб.","","","","","","","","","","",""
"338","Струилица – Калето – Лъката","Пловдив","",,,"","умерена","кръгов","Екопътека във България, регион Пловдив. Струилица – Калето – Лъката.","","","","","","","","","","",""
"339","Сухото езеро","Пловдив","",,,"","умерена","кръгов","Екопътека във България, регион Пловдив. Сухото езеро.","","","","","","","","","","",""
"340","Сърница","Пловдив","",,,"","умерена","кръгов","Екопътека във България, регион Пловдив. Сърница.","","","","","","","","","","",""
"341","Табашката пещера","Пловдив","",,,"","умерена","кръгов","Екопътека във България, регион Пловдив. Табашката пещера.","","","","","","","","","","",""
"342","Татул","Пловдив","",,,"","умерена","кръгов","Екопътека във България, регион Пловдив. Татул.","","","","","","","","","","",""
"343","Торфено бранище","Пловдив","",,,"","умерена","кръгов","Екопътека във България, регион Пловдив. Торфено бранище.","","","","","","","","","","",""
"344","Трански ждрело","Пловдив","",,,"","умерена","кръгов","Екопътека във България, регион Пловдив. Трански ждрело.","","","","","","","","","","",""
"345","Триглав","Пловдив","",,,"","умерена","кръгов","Екопътека във България, регион Пловдив. Триглав.","","","","","","","","","","",""
"346","Триградско ждрело","Пловдив","",,,"","умерена","кръгов","Екопътека във България, регион Пловдив. Триградско ждрело.","","","","","","","","","","",""
"347","Трите чуки","Пловдив","",,,"","умерена","кръгов","Екопътека във България, регион Пловдив. Трите чуки.","","","","","","","","","","",""
"348","Тъжа","Пловдив","",,,"","умерена","кръгов","Екопътека във България, регион Пловдив. Тъжа.","","","","","","","","","","",""
"349","Тъмната гора","Пловдив","",,,"","умерена","кръгов","Екопътека във България, регион Пловдив. Тъмната гора.","","","","","","","","","","",""
"350","Узунбуджак","Пловдив","",,,"","умерена","кръгов","Екопътека във България, регион Пловдив. Узунбуджак.","","","","","","","","","","",""
"351","Урдини езера","Пловдив","",,,"","умерена","кръгов","Екопътека във България, регион Пловдив. Урдини езера.","","","","","","","","","","",""
"352","Хайдушка песен","Пловдив","",,,"","умерена","кръгов","Екопътека във България, регион Пловдив. Хайдушка песен.","","","","","","","","","","",""
"353","Хайдушка поляна","Пловдив","",,,"","умерена","кръгов","Екопътека във България, регион Пловдив. Хайдушка поляна.","","","","","","","","","","",""
"354","Хайдушки поляни","Пловдив","",,,"","умерена","кръгов","Екопътека във България, регион Пловдив. Хайдушки поляни.","","","","","","","","","","",""
"355","Хайдушки чуки","Пловдив","",,,"","умерена","кръгов","Екопътека във България, регион Пловдив. Хайдушки чуки.","","","","","","","","","","",""
"356","Халката","Пловдив","",,,"","умерена","кръгов","Екопътека във България, регион Пловдив. Халката.","","","","","","","","","","",""
"357","Царството на зелениката","Пловдив","",,,"","умерена","кръгов","Екопътека във България, регион Пловдив. Царството на зелениката.","","","","","","","","","","",""
"358","Централен Балкан","Пловдив","",,,"","умерена","кръгов","Екопътека във България, регион Пловдив. Централен Балкан.","","","","","","","","","","",""
"359","Цигов чарк","Пловдив","",,,"","умерена","кръгов","Екопътека във България, регион Пловдив. Цигов чарк.","","","","","","","","","","",""
"360","Чаирски езера","Пловдив","",,,"","умерена","кръгов","Екопътека във България, регион Пловдив. Чаирски езера.","","","","","","","","","","",""
"361","Черепишки манастир","Пловдив","",,,"","умерена","кръгов","Екопътека във България, регион Пловдив. Черепишки манастир.","","","","","","","","","","",""
"362","Чернелка","Пловдив","",,,"","умерена","кръгов","Екопътека във България, регион Пловдив. Чернелка.","","","","","","","","","","",""
"363","Черни връх","Пловдив","",,,"","трудна","кръгов","Екопътека във България, регион Пловдив. Черни връх.","","","","","","","","","","",""
"364","Чипровски водопад","Пловдив","",,,"","умерена","кръгов","Екопътека във България, регион Пловдив. Чипровски водопад.","","","","","","","","","","",""
"365","Чифлик","Пловдив","",,,"","умерена","кръгов","Екопътека във България, регион Пловдив. Чифлик.","","","","","","","","","","",""
"366","Чудните мостове","Пловдив","",,,"","умерена","кръгов","Екопътека във България, регион Пловдив. Чудните мостове.","","","","","","","","","","",""
"367","Чуйпетлово","Пловдив","",,,"","умерена","кръгов","Екопътека във България, регион Пловдив. Чуйпетлово.","","","","","","","","","","",""
"368","Шабла","Пловдив","",,,"","умерена","кръгов","Екопътека във България, регион Пловдив. Шабла.","","","","","","","","","","",""
"369","Шейтан дере","Пловдив","",,,"","умерена","кръгов","Екопътека във България, регион Пловдив. Шейтан дере.","","","","","","","","","","",""
"370","Шипка","Пловдив","",,,"","умерена","кръгов","Екопътека във България, регион Пловдив. Шипка.","","","","","","","","","","",""
"371","Шипково","Пловдив","",,,"","умерена","кръгов","Екопътека във България, регион Пловдив. Шипково.","","","","","","","","","","",""
"372","Широка поляна","Пловдив","",,,"","умерена","кръгов","Екопътека във България, регион Пловдив. Широка поляна.","","","","","","","","","","",""
"373","Шуменско плато","Пловдив","",,,"","умерена","кръгов","Екопътека във България, регион Пловдив. Шуменско плато.","","","","","","","","","","",""
"374","Юмрукчал","Пловдив","",,,"","умерена","кръгов","Екопътека във България, регион Пловдив. Юмрукчал.","","","","","","","","","","",""
"375","Юндола","Пловдив","",,,"","умерена","кръгов","Екопътека във България, регион Пловдив. Юндола.","","","","","","","","","","",""
"376","Ябланица","Пловдив","",,,"","умерена","кръгов","Екопътека във България, регион Пловдив. Ябланица.","","","","","","","","","","",""
"377","Ябланишко ждрело","Пловдив","",,,"","умерена","кръгов","Екопътека във България, регион Пловдив. Ябланишко ждрело.","","","","","","","","","","",""
"378","Ягодинска пещера","Пловдив","",,,"","умерена","кръгов","Екопътека във България, регион Пловдив. Ягодинска пещера.","","","","","","","","","","",""
"379","Яйлата","Пловдив","",,,"","умерена","кръгов","Екопътека във България, регион Пловдив. Яйлата.","","","","","","","","","","",""
"380","до Кирилова поляна
259. \* Екопътека","Пловдив","",,,"","умерена","кръгов","Екопътека във България, регион Пловдив. до Кирилова поляна
259. \* Екопътека.","","","","","","","","","","",""
"381","до Муратово езеро
247. \* Екопътека","Пловдив","",,,"","умерена","кръгов","Екопътека във България, регион Пловдив. до Муратово езеро
247. \* Екопътека.","","","","","","","","","","",""
"382","до Стрелча (Минерални извори)
295. \* Екопътека","Пловдив","",,,"","умерена","кръгов","Екопътека във България, регион Пловдив. до Стрелча (Минерални извори)
295. \* Екопътека.","","","","","","","","","","",""
"383","до Тевно езеро
253. \* Екопътека","Пловдив","",,,"","умерена","кръгов","Екопътека във България, регион Пловдив. до Тевно езеро
253. \* Екопътека.","","","","","","","","","","",""
"384","до водопад Женското пръскало
277. \* Екопътека","Пловдив","",,,"","умерена","кръгов","Екопътека във България, регион Пловдив. до водопад Женското пръскало
277. \* Екопътека.","","","","","","","","","","",""
"385","до връх Богдан
293. \* Екопътека","Пловдив","",,,"","трудна","кръгов","Екопътека във България, регион Пловдив. до връх Богдан
293. \* Екопътека.","","","","","","","","","","",""
"386","до връх Вежен
289. \* Екопътека","Пловдив","",,,"","трудна","кръгов","Екопътека във България, регион Пловдив. до връх Вежен
289. \* Екопътека.","","","","","","","","","","",""
"387","до връх Вихрен (класически маршрут)
245. \* Екопътека","Пловдив","",,,"","трудна","кръгов","Екопътека във България, регион Пловдив. до връх Вихрен (класически маршрут)
245. \* Екопътека.","","","","","","","","","","",""
"388","до връх Могила
214. \* Екопътека","Пловдив","",,,"","трудна","кръгов","Екопътека във България, регион Пловдив. до връх Могила
214. \* Екопътека.","","","","","","","","","","",""
"389","до връх Половрак
344. \* Екопътека","Пловдив","",,,"","трудна","кръгов","Екопътека във България, регион Пловдив. до връх Половрак
344. \* Екопътека.","","","","","","","","","","",""
"390","до крепостта","Пловдив","",,,"","умерена","кръгов","Екопътека във България, регион Пловдив. до крепостта.","","","","","","","","","","",""
"391","до пещера","Пловдив","",,,"","умерена","кръгов","Екопътека във България, регион Пловдив. до пещера.","","","","","","","","","","",""
"392","към в. Свобода
228. \* Екопътека","Пловдив","",,,"","умерена","кръгов","Екопътека във България, регион Пловдив. към в. Свобода
228. \* Екопътека.","","","","","","","","","","",""
"393","към водопад Кадемлийско пръскало
269. \* Екопътека","Пловдив","",,,"","умерена","кръгов","Екопътека във България, регион Пловдив. към водопад Кадемлийско пръскало
269. \* Екопътека.","","","","","","","","","","",""
"394","към х. Безводно
230. \* Екопътека","Пловдив","",,,"","умерена","кръгов","Екопътека във България, регион Пловдив. към х. Безводно
230. \* Екопътека.","","","","","","","","","","",""
"395","към хижа Рай (от Паниците)
283. \* Екопътека","Пловдив","",,,"","умерена","кръгов","Екопътека във България, регион Пловдив. към хижа Рай (от Паниците)
283. \* Екопътека.","","","","","","","","","","",""
"396","към хижа Рибни езера
249. \* Екопътека","Пловдив","",,,"","умерена","кръгов","Екопътека във България, регион Пловдив. към хижа Рибни езера
249. \* Екопътека.","","","","","","","","","","",""
"397","към хижа Синаница
241. \* Екопътека","Пловдив","",,,"","умерена","кръгов","Екопътека във България, регион Пловдив. към хижа Синаница
241. \* Екопътека.","","","","","","","","","","",""
"398","на Дунавските рибари
326. \* Екопътека","Пловдив","",,,"","умерена","кръгов","Екопътека във България, регион Пловдив. на Дунавските рибари
326. \* Екопътека.","","","","","","","","","","",""
"399","на Рилската иглика
237. \* Екопътека","Пловдив","",,,"","умерена","кръгов","Екопътека във България, регион Пловдив. на Рилската иглика
237. \* Екопътека.","","","","","","","","","","",""
"400","на Свободата (Шипка)
279. \* Екопътека","Пловдив","",,,"","умерена","кръгов","Екопътека във България, регион Пловдив. на Свободата (Шипка)
279. \* Екопътека.","","","","","","","","","","",""
"401","на Чучулигите
271. \* Екопътека","Пловдив","",,,"","умерена","кръгов","Екопътека във България, регион Пловдив. на Чучулигите
271. \* Екопътека.","","","","","","","","","","",""
"402","на балканската дива коза
243. \* Екопътека","Пловдив","",,,"","умерена","кръгов","Екопътека във България, регион Пловдив. на балканската дива коза
243. \* Екопътека.","","","","","","","","","","",""
"403","на билките (Бродилово)
302. \* Екопътека","Пловдив","",,,"","умерена","кръгов","Екопътека във България, регион Пловдив. на билките (Бродилово)
302. \* Екопътека.","","","","","","","","","","",""
"404","на здравето","Пловдив","",,,"","лека","кръгов","Екопътека във България, регион Пловдив. на здравето.","","","","","","","","","","",""
"405","на миньора (Росен)
308. \* Екопътека","Пловдив","",,,"","умерена","кръгов","Екопътека във България, регион Пловдив. на миньора (Росен)
308. \* Екопътека.","","","","","","","","","","",""
"406","на партизаните (историческа)
222. \* Екопътека","Пловдив","",,,"","умерена","кръгов","Екопътека във България, регион Пловдив. на партизаните (историческа)
222. \* Екопътека.","","","","","","","","","","",""
"443","Русенски Лом","Русе","",,,"","умерена","кръгов","Екопътека във България, регион Русе. Русенски Лом.","","","","","","","","","","",""
"454","E8 Етап 9: Чепино - триградско ждрело","Смолян","Смолян",,,"20","умерена","европейски маршрут","Каньон маршрут през роскошната Родопска гора","","","","","","","","","","",""
"455","E8 Этап 10: Триградско ждрело - Смолян","Смолян","Смолян",,,"16","лека","европейски маршрут","Финален спускане към град Смолян, край на E8","","","","","","","","","","",""
"457","Дяволската пътека (Борино)
11. \* Екопътека","Смолян","",,,"","умерена","кръгов","Екопътека във България, регион Смолян. Дяволската пътека (Борино)
11. \* Екопътека.","","","","","","","","","","",""
"465","Екопътека ""Царичина""","Смолян","Царичина",,,"не е посочена","умерена","линеен","Маршрут през село Царичина.","","","","","","","","","","",""
"469","Смолянски езера","Смолян","",,,"","умерена","кръгов","Екопътека във България, регион Смолян. Смолянски езера.","","","","","","","","","","",""
"471","на занаятите (Златоград)
216. \* Екопътека","Смолян","",,,"","умерена","кръгов","Екопътека във България, регион Смолян. на занаятите (Златоград)
216. \* Екопътека.","","","","","","","","","","",""
"472","на здравето (Девин)
203. \* Екопътека","Смолян","",,,"","лека","кръгов","Екопътека във България, регион Смолян. на здравето (Девин)
203. \* Екопътека.","","","","","","","","","","",""
"486","E4 Етап 1: Витоша - Княжево - Жиголово","София","София",,,"16","лека","европейски маршрут","Начало на E4 от Витоша, красивите склонове близо до София","","","","","","","","","","",""
"487","E4 Етап 2: Жиголово - Перелик","София","София",,,"20","умерена","европейски маршрут","Преминаване към Верила планината","","","","","","","","","","",""
"488","E4 Етап 6: Маричини езера - Боровец","София","София",,,"20","трудна","европейски маршрут","Спускане към известния ski resort Боровец","","","","","","","","","","",""
"489","E4 Етап 7: Боровец - връх Мусала","София","София",,,"16","трудна","европейски маршрут","Възход към най-високата вершина в България","","","","","","","","","","",""
"490","E8 Етап 5: Стоб - Пасарел","София","София",,,"24","умерена","европейски маршрут","Спускане към София и прехода между Рила и Верила","","","","","","","","","","",""
"491","E8 Етап 7: Лозен - Костенец","София","София",,,"14","лека","европейски маршрут","Преминаване към термалния град Костенец","","","","","","","","","","",""
"492","E8 Этап 6: Пасарел - връх Лозен","София","София",,,"18","умерена","европейски маршрут","Възход към лозенския монастир и вершину","","","","","","","","","","",""
"493","Боянски водопад","София","",,,"","умерена","кръгов","Екопътека във България, регион София. Боянски водопад.","","","","","","","","","","",""
"494","Боянско езеро","София","",,,"","умерена","кръгов","Екопътека във България, регион София. Боянско езеро.","","","","","","","","","","",""
"495","Драгалевци – Черни връх","София","",,,"","трудна","кръгов","Екопътека във България, регион София. Драгалевци – Черни връх.","","","","","","","","","","",""
"497","Кладница – Селимица","София","",,,"","умерена","кръгов","Екопътека във България, регион София. Кладница – Селимица.","","","","","","","","","","",""
"498","Към Самоков","София","",,,"","умерена","кръгов","Екопътека във България, регион София. Към Самоков.","","","","","","","","","","",""
"500","към езеро Окото (Пирин)
239. \* Екопътека","София","",,,"","умерена","кръгов","Екопътека във България, регион София. към езеро Окото (Пирин)
239. \* Екопътека.","","","","","","","","","","",""
"511","Вазова екопътека (Гара Бов)
3. \* Екопътека","Теменуга","",,,"","умерена","кръгов","Екопътека във България, регион Теменуга. Вазова екопътека (Гара Бов)
3. \* Екопътека.","","","","","","","","","","",""
"521","Екопътека ""Мадарски конник""","Шумен","Мадара",,,"не е посочена","умерена","линеен","Екопътека до уникалния скален релеф ""Мадарски конник"".","","","","","","","","","","",""
