"id","name","source","source_trust","source_trust_reason","nearest_town","region","missing_coords","missing_length_km","missing_elevation_gain_m","manual_elevation_gain_m","manual_elevation_source"
"142","Алея на Боснешкия карст","Текстов файл, предоставен от потребителя","trusted","user_contributed","Боснек","Перник","False","False","True","",""
"64","Врачанска екопътека","Природен парк 'Врачански Балкан'","trusted","official_or_tourism_portal","Враца","Врачанска област","False","False","True","",""
"102","Екопътека ""Горица""","https://opoznai.bg/","trusted","official_or_tourism_portal","Овчарци","Западна Рила","False","False","True","",""
"512","Екопътека ""Горската пътека""","https://opoznai.bg/","trusted","official_or_tourism_portal","Тетевен","Тетевен","False","False","True","",""
"87","Екопътека ""Градище-Кметовци""","https://opoznai.bg/","trusted","official_or_tourism_portal","Габрово","Габрово","False","False","True","",""
"88","Екопътека ""Градище-пазителката на прохода""","https://opoznai.bg/","trusted","official_or_tourism_portal","Габрово","Габрово","False","False","True","",""
"421","Екопътека ""Драгиева чешма"" – Чавдар","https://opoznai.bg/","trusted","official_or_tourism_portal","Чавдар","Родопи","False","False","True","",""
"101","Екопътека ""Екот от камбанен звън"" – Рибарица","https://opoznai.bg/","trusted","official_or_tourism_portal","Етрополе","Етрополе","False","False","True","",""
"446","Екопътека ""Знамето"" – с. Младен","https://opoznai.bg/","trusted","official_or_tourism_portal","Севлиево","Севлиево","False","False","True","",""
"219","Екопътека ""Манастира""","Текстов файл, предоставен от потребителя","trusted","user_contributed","Перущица","Пловдив","False","False","True","",""
"505","Екопътека до Водопад ""Скока""","https://opoznai.bg/","trusted","official_or_tourism_portal","Веселиново","Стара Планина","False","False","True","",""
"411","Екопътека до местност Самоковището","https://opoznai.bg/","trusted","official_or_tourism_portal","Дупница","Рила","False","False","True","",""
"412","Екопътека и Водопади ""Бохемия"" – Рила","https://opoznai.bg/","trusted","official_or_tourism_portal","Рила","Рила","False","False","True","",""
"100","Екопътека и Скален феномен ""Марков камък"" – Елена","https://opoznai.bg/","trusted","official_or_tourism_portal","Елена","Елена","False","False","True","",""
"30","Дивите кактуси на Синеморец","Местообитанията са част от Природен парк Странджа.","trusted","official_or_tourism_portal","Синеморец","Бургаска област","False","True","True","",""
"1","Екопътека ""Ерантис"" – Киреево","https://opoznai.bg/","trusted","official_or_tourism_portal","Киреево","","False","True","True","",""
"2","Екопътека ""Етър-Соколски манастир""","https://opoznai.bg/","trusted","official_or_tourism_portal","Етър","","False","True","True","",""
"3","Екопътека ""Збегове"" – Белоградчик","https://opoznai.bg/","trusted","official_or_tourism_portal","Белоградчик","","False","True","True","",""
"5","Екопътека до ""Първия войнишки паметник"" - с. Алдомировци","https://opoznai.bg/","trusted","official_or_tourism_portal","Алдомировци","Алдомировци","False","True","True","",""
"35","Екопътека до Преображенския манастир","https://opoznai.bg/","trusted","official_or_tourism_portal","Велико Търново","Велико Търново","False","True","True","",""
"4","Екопътека Заслон ""Опасен зъб"" – Тетевен","https://opoznai.bg/","trusted","official_or_tourism_portal","Тетевен","","False","True","True","",""
"43","""Пътеката на здравето"" – Кладница","Ptekata-na-zdraveto.pdf","review","local_or_unclassified_source","Кладница","Витоша","False","False","True","",""
"97","Алея на туриста до м. Струилица – Девин","document.pdf","review","local_or_unclassified_source","Струилица","Девин","False","False","True","",""
"32","Боров камък - Враца","OpenStreetMap (Overpass API)","review","local_or_unclassified_source","","България","False","False","True","",""
"99","Ботаническа алея за незрящи","document.pdf","review","local_or_unclassified_source","София","Дендрариум","False","False","True","",""
"419","Веломаршрут село Смилян - село Чеплят","document.pdf","review","local_or_unclassified_source","Рудозем","Родопи","False","False","True","",""
"147","Високопланинска обиколна пътека (ВОП)","Пътеводител за Витоша","review","local_or_unclassified_source","София","Планина Витоша","False","False","True","",""
"138","Водопад ""Бабско пръскало""","Локални туристически водачи","review","local_or_unclassified_source","Калофер","Национален парк ""Централен Балкан""","False","False","True","",""
"66","Водопад ""Боров Камък"", Врачанска екопътека","Локални туристически водачи","review","local_or_unclassified_source","Враца","Врачански Балкан","False","False","True","",""
"108","Водопад ""Вазова скакля"", Вазова екопътека","Локални туристически водачи","review","local_or_unclassified_source","Гара Бов","Искърско дефиле","False","False","True","",""
"515","Водопад ""Видимско пръскало""","Локални туристически водачи","review","local_or_unclassified_source","Априлци","Туристически регион Балкания","False","False","True","",""
"6","Водопад ""Лястовичи вир""","Локални туристически водачи","review","local_or_unclassified_source","Долнослав","Асеновград","False","False","True","",""
"448","Водопад ""Мангъро""","Локални туристически водачи","review","local_or_unclassified_source","Скрът","Село Скрът","False","False","True","",""
"456","Водопад ""Орфей"" и каньона на водопадите - Смолян","Местни гидове","review","local_or_unclassified_source","Смолян","Смолян","False","False","True","",""
"522","Водопад ""Сини вир"" – Ковачевица","Местни гидове","review","local_or_unclassified_source","Ковачевица","Югозападна България","False","False","True","",""
"523","Водопад Казанджи дере","Локални туристически водачи","review","local_or_unclassified_source","Мугла","с.Мугла","False","False","True","",""
"105","Водопади ""Дуплево"", ""Скакалото"" и ""Костен камък"" - с.Орехово","Местни гидове","review","local_or_unclassified_source","село Орехово","Западни Родопи","False","False","True","",""
"67","Врачанска екопътека – Згориград","Местни гидове","review","local_or_unclassified_source","село Згориград","Врачански Балкан","False","False","True","",""
"420","Връх Драгойна","Пловдивски археологически музей","review","local_or_unclassified_source","село Драгойново","Родопи","False","False","True","",""
"520","Връх Миджур","Туристическо дружество Белоградчишки скали","review","local_or_unclassified_source","село Горни Лом","Чупренска планина, Стара планина","False","False","True","",""
"140","Геокомплекс Зарапово","Странник скри Геокеш Зарапово (GC3JANA)","review","local_or_unclassified_source","Павликени","Област Велико Търново","False","False","True","",""
"133","Геопътека Задънен дол","Град Луковит - хотел „Дипломат Плаза"", Национален пещерен дом „Петър Трантеев"".","review","local_or_unclassified_source","Луковит","Ловешка област","False","False","True","",""
"473","Дяволския мост и водопада","Държавно лесничейство - с. Борино","review","local_or_unclassified_source","Борино","Смолянска област","False","False","True","",""
"85","Екопъ3тека ""Римският път""","Ekopteka-Rimskiiat-pt.pdf","review","local_or_unclassified_source","Боженци","Габрово","False","False","True","",""
"129","Екопътека – Ведерник","Ловеч туристически център","review","local_or_unclassified_source","Ведерник","Ловеч","False","False","True","",""
"474","Екопътека ""12-та застава""","с. Барутин","review","local_or_unclassified_source","Барутин","Смолянска област","False","False","True","",""
"475","Екопътека ""Барутин - вр. Чуката - Касъка""","Път Доспат - Девин","review","local_or_unclassified_source","Доспат","Смолянска област","False","False","True","",""
"447","Екопътека ""Бели Искър""","Самоков туристически център","review","local_or_unclassified_source","Самоков","Село Бели Искър","False","False","True","",""
"135","Екопътека ""Белите скали"" – Лютиброд","Лютиброд туристически център","review","local_or_unclassified_source","Лютиброд","Лютиброд","False","False","True","",""
"111","Екопътека ""Божения""","Божичен туристически център","review","local_or_unclassified_source","Божичен","Красен-Божичен","False","False","True","",""
"517","Екопътека ""Боян Ботево – Улу дере – Орлови скали""","Хасково туристически център","review","local_or_unclassified_source","Боян Ботево","Хасково","False","False","True","",""
"442","Екопътека ""Бъзовец""","Русе туристически център","review","local_or_unclassified_source","Бъзовец","Русе","False","False","True","",""
"504","Екопътека ""Бяла река"" край Калофер","Ekopteka-Biala-reka-Kalofer.pdf","review","local_or_unclassified_source","Калофер","Стара Планина","False","False","True","",""
"86","Екопътека ""Витата стена""","Габрово туристически център","review","local_or_unclassified_source","Габрово","Габрово","False","False","True","",""
"17","Екопътека ""Властелинът на планините""","Белица туристически център","review","local_or_unclassified_source","Белица","Благоевград","False","False","True","",""
"18","Екопътека ""Влахи""","Влахи туристически център","review","local_or_unclassified_source","Влахи","Благоевград","False","False","True","",""
"103","Екопътека ""Горица"" (Овчарченски водопад)","Ekopteka-Goritsa2.pdf","review","local_or_unclassified_source","Овчарци","Западна Рила","False","False","True","",""
"77","Екопътека ""Иванчова поляна""","Ekopteka-Ivanchova-poliana.pdf","review","local_or_unclassified_source","Вършец","Вършец","False","False","True","",""
"139","Екопътека ""Калето"" - Обзор","Ekopteka-Kaleto.pdf","review","local_or_unclassified_source","Обзор","Обзор","False","False","True","",""
"424","Екопътека „Каньонът на водопадите“","Kanont-na-vodopadite-3.pdf","review","local_or_unclassified_source","Смолян","Родопи","False","False","True","",""
"441","Екопътека ""Кечи Кая"" - Рибница","Ekopteka-Kechi-Kaia-Ribnitsa.pdf","review","local_or_unclassified_source","Рибница","Рудозем","False","False","True","",""
"510","Екопътека ""Климент""","Ekopteka-Kliment.pdf","review","local_or_unclassified_source","Климент","Същинска Средна гора","False","False","True","",""
"218","Екопътека ""Комин дере"" – Лъки","Ekopteka-Komin-dere-Lki.pdf","review","local_or_unclassified_source","Лъки","Пловдив","False","False","True","",""
"19","Екопътека ""Кръстът"" – Благоевград","Ekopteka-Krstt.pdf","review","local_or_unclassified_source","Благоевград","Благоевград","False","False","True","",""
"422","Екопътека ""Лисичево - Чурал""","Ekopteka-Lisichevo-Chural.pdf","review","local_or_unclassified_source","Девин","Родопи","False","False","True","",""
"496","Екопътека ""Лозенската планина""","Ekopteka-Lozenskata-planina.pdf","review","local_or_unclassified_source","Долни Лозен","София","False","False","True","",""
"89","Екопътека ""Люляци–Дебел дял""","Ekopteka-Liuliatsi-Debel-dial.pdf","review","local_or_unclassified_source","Габрово","Габрово","False","False","True","",""
"423","Екопътека ""Лява река - Предела""","Ekopteka-Liava-reka-Predela.pdf","review","local_or_unclassified_source","Лява река","Родопи","False","False","True","",""
"90","Екопътека ""Могила""","Ekopteka-Mogila.pdf","review","local_or_unclassified_source","Дряново","Габрово","False","False","True","",""
"123","Екопътека ""Нагоре към Слънцето""","Ekopteka-Nagore-km-Slntseto.pdf","review","local_or_unclassified_source","Бабинци","Ловеч","False","False","True","",""
"459","Екопътека ""Невястата""","Ekopteka-Neviastata.pdf","review","local_or_unclassified_source","Смолян","Смолян","False","False","True","",""
"148","Екопътека ""Никопол Римски път - Скална църква""","Ekopteka-Nikopol-Rimski-pt-Skalna-tsrkva.pdf","review","local_or_unclassified_source","Никопол","Плевен","False","False","True","",""
"476","Екопътека ""Паметник Арабаконак до из3вора на река Бебреш""","Ekopteka-Pametnik-Arabakonak-do-izvora-na-reka-Bebresh.pdf","review","local_or_unclassified_source","Арабаконак","Софийска","False","False","True","",""
"26","Екопътека ""Пещера и изворите на р. Младежка""","Ekopteka-Peshchera-i-izvorite-na-r.Mladezhka.pdf","review","local_or_unclassified_source","Младежко","Бургас","False","False","True","",""
"220","Екопътека ""По пътя на героите""","Ekopteka-Po-ptia-na-geroite.pdf","review","local_or_unclassified_source","Перущица","Пловдив","False","False","True","",""
"27","Екопътека ""По следите на миналото"" – Приморско","Ekopteka-Po-sledite-na-minaloto-Primorsko.pdf","review","local_or_unclassified_source","Приморско","Бургас","False","False","True","",""
"28","Екопътека ""По следите на римляните"" – Приморско","Ekopteka-Po-sledite-na-rimlianite.pdf","review","local_or_unclassified_source","Приморско","Бургас","False","False","True","",""
"125","Екопътека ""По стъпките на балканджиите"" – Априлци","Ekopteka-Po-stpkite-na-balkandzhiite.pdf","review","local_or_unclassified_source","Априлци","Ловеч","False","False","True","",""
"478","Екопътека ""Под Камико""","Ekopteka-Pod-Kamiko.pdf","review","local_or_unclassified_source","Гара Бов","Софийска","False","False","True","",""
"126","Екопътека ""Под пръските на водопада""","Ekopteka-Pod-prskite-na-vodopada.pdf","review","local_or_unclassified_source","Тетевен","Ловеч","False","False","True","",""
"127","Екопътека ""През очите на времето - история и природа""","Ekopteka-Prez-ochite-na-vremeto-istoriia-i-priroda-Krushuna.pdf","review","local_or_unclassified_source","Крушуна","Ловеч","False","False","True","",""
"501","Екопътека ""Пъ3тека на здравето""","Ekopteka-Pteka-na-zdraveto.pdf","review","local_or_unclassified_source","Банкя","София-град","False","False","True","",""
"29","Екопътека ""Пътят на ясния месец""","Ekopteka-Ptiat-na-iasniia-mesets-Brshlian.pdf","review","local_or_unclassified_source","Бръшлян","Бургас","False","False","True","",""
"221","Екопътека ""Равнища""","Ekopteka-Ravnishcha.pdf","review","local_or_unclassified_source","Равнища","Пловдив","False","False","True","",""
"98","Екопътека ""Равня""","Ekopteka-Ravnia.pdf","review","local_or_unclassified_source","Девин","Девин","False","False","True","",""
"22","Екопътека ""Римски мост""","Ekopteka-Rimski-most-Brshchen.pdf","review","local_or_unclassified_source","Бръщен","Благоевград","False","False","True","",""
"224","Екопътека ""с. Белица-Пещерата""","Ekopteka-s.-Belitsa-Peshcherata.pdf","review","local_or_unclassified_source","Белица","Пловдив","False","False","True","",""
"225","Екопътека ""с.Белица - Кръстова гора""","Ekopteka-s.Belitsa-Krstova-gora.pdf","review","local_or_unclassified_source","Белица","Пловдив","False","False","True","",""
"460","Екопътека ""Св Неделя""","Ekopteka-Sv-Nedelia.pdf","review","local_or_unclassified_source","Златоград","Смолян","False","False","True","",""
"128","Екопътека ""Станина дупка""","Ekopteka-Stanina-dupka.pdf","review","local_or_unclassified_source","Тетевен","Ловеч","False","False","True","",""
"222","Екопътека ""Стара Река"" – Стеврек","Ekopteka-Stara-Reka-Stevrek.pdf","review","local_or_unclassified_source","Стеврек","Пловдив","False","False","True","",""
"137","Екопътека ""Хайдушки водопади""","Ekopteka-Khaidushki-vodopadi-Berkovitsa.pdf","review","local_or_unclassified_source","Берковица","Монтана","False","False","True","",""
"34","Екопътека ""Хотнишки водопад""","Ekopteka-Khotnishki-vodopad.pdf","review","local_or_unclassified_source","Хотница","Велико Търново","False","False","True","",""
"464","Екопътека ""Храстево""","Ekopteka-Khrastevo-Devin.pdf","review","local_or_unclassified_source","Девин","Смолян","False","False","True","",""
"150","Екопътека ""Черне3лка""","Ekopteka-Chernelka.pdf","review","local_or_unclassified_source","Горталово","Плевен","False","False","True","",""
"484","Екопътека Бележката","Етрополе туристически център","review","local_or_unclassified_source","Етрополе","Софийска област","False","False","True","",""
"407","Екопътека Бяла река (Калоферска)","Калофер туристически център","review","local_or_unclassified_source","Калофер","Пловдивска област","False","False","True","",""
"516","Екопътека Голямата река","Попово туристически център","review","local_or_unclassified_source","Попово","Търговище","False","False","True","",""
"482","Екопътека с. Мърчаево - местност ""Церова поляна""","Ekopteka-Tserova-poliana.pdf","review","local_or_unclassified_source","Мърчаево","Софийска","False","False","True","",""
"481","Екопътека Червени камък - с. Челопеч","Ekopteka-Cherveni-kamk-s-Chelopech.pdf","review","local_or_unclassified_source","Челопеч","Софийска","False","False","True","",""
"144","Ждрелото на река Ерма","Zhdreloto-na-reka-Erma.pdf","review","local_or_unclassified_source","Трън","Перник","False","False","True","",""
"466","Загражденска екопътека","Zagrazhdenska-ekoptek-2.pdf","review","local_or_unclassified_source","Загражден","Смолян","False","False","True","",""
"444","Ивановски скален манастир ""Свети Архангел Михаил""","Ivanovski-skalen-manastir-Sveti-Arkhangel-Mikhail.pdf","review","local_or_unclassified_source","Иваново","Русенски лом","False","False","True","",""
"428","Канинската екопътека – Гърмен","Kaninskata-ekopteka-G4rmen.pdf","review","local_or_unclassified_source","Ковачевица","Родопи","False","False","True","",""
"104","Копренска екопътека","Koprenska-ekopteka.pdf","review","local_or_unclassified_source","Копиловци","Западна Стара планина","False","False","True","",""
"130","Крушунска екопътека","Krushunska-ekopteka.pdf","review","local_or_unclassified_source","Крушуна","Ловеч","False","False","True","",""
"429","Маршрут гр. Батак – х. Техеран – вр. Баташки снежник","Marshrut-gr-Batak-kh-Tekheran-vr-Batashki-snezhnik.pdf","review","local_or_unclassified_source","Батак","Родопи","False","False","True","",""
"430","Маршрут крепост Козник – м. Главата","Marshrut-krepost-Koznik-m-Glavata.pdf","review","local_or_unclassified_source","Рудозем","Родопи","False","False","True","",""
"434","Маршрут язовирна стена Доспат – СОМАТ","Marshrut-iazovirna-stena-Dospat-SOMAT.pdf","review","local_or_unclassified_source","Доспат","Родопи","False","False","True","",""
"42","Местност Божурица – Видин","Mestnost-Bozhuritsa.pdf","review","local_or_unclassified_source","Видин","Видин","False","False","True","",""
"435","Местност Съдилището – Мочура","Mestnost-Sdilishcheto-Mochure.pdf","review","local_or_unclassified_source","Мочура","Родопи","False","False","True","",""
"37","Негованска екопътека – Емен","Negovanska-ekoptek-Emen.pdf","review","local_or_unclassified_source","Емен","Велико Търново","False","False","True","",""
"45","Панорамна алея ""Галунка""","Panoramna-aleia-Galunka.pdf","review","local_or_unclassified_source","Бистрица, Железница","Витоша","False","False","True","",""
"437","Познавателен маршрут „Музей на гората”","Poznavatelen-marshrut-Muzei-na-gorata.pdf","review","local_or_unclassified_source","Батак","Родопи","False","False","True","",""
"438","Природен феномен „Гергева скала”","Priroden-fenomen-Gergeva-skala.pdf","review","local_or_unclassified_source","Бачево","Родопи","False","False","True","",""
"59","Пътека ""Сила и живот""","Pteka-Sila-i-zhivot.pdf","review","local_or_unclassified_source","Симеоново","Витоша","False","False","True","",""
"146","Пътека за крепост ""Беаднос""","Pteka-za-krepost-Beadnos.pdf","review","local_or_unclassified_source","Беден","Пирин","False","False","True","",""
"467","Римски мост – Любча","Rimski-most-Liubcha.pdf","review","local_or_unclassified_source","Любча","Смолян","False","False","True","",""
"417","Самодивска пътека","Samodivska-pteka.pdf","review","local_or_unclassified_source","Бачево","Рила","False","False","True","",""
"468","Скален масив Невястата (Турлука)","Skalen-masiv-Neviastata-Turluka.pdf","review","local_or_unclassified_source","Смолян","Смолян","False","False","True","",""
"499","Спортно-информационна алея за хора с увреждания на опорно-двигателния апарат","Sportno.pdf","review","local_or_unclassified_source","София","София","False","False","True","",""
"513","Тетевенски водопад „Скока“","Tetevenski-vodopad-Skoka.pdf","review","local_or_unclassified_source","Тетевен","Тетевен","False","False","True","",""
"61","Торфищна информационна алея","Torfishchna-informatsionna-aleia.pdf","review","local_or_unclassified_source","София","Витоша","False","False","True","",""
"110","Тракийски слънца и екопътека ""Дрънчи дупка""","Trakiiski-slntsa-i-ekopteka-Drnchi-dupka.pdf","review","local_or_unclassified_source","Мелница","Карлово","False","False","True","",""
"440","Трансгранична родопска екопътека Хвойна – Ставруполи","Transgranichna-rodopska-ekopteka-Khvoina-Stavrupoli.pdf","review","local_or_unclassified_source","Хвойна","Родопи","False","False","True","",""
"33","Триградско ждрело - Смолян","OpenStreetMap (Overpass API)","review","local_or_unclassified_source","","България","False","False","True","",""
"514","Трънска екопътека","Trnska-ekopteka.pdf","review","local_or_unclassified_source","Трън","Трън","False","False","True","",""
"408","Туристическа пътека ""По поречието на р.Бебреш при с.Своде""","Turisticheska-pteka-Po-porechieto-na-r.Bebresh-pri-s.Svode.pdf","review","local_or_unclassified_source","Своде","Правец","False","False","True","",""
"109","Туристическа пътека ""Под Камико""","Turisticheska-pteka-Pod-Kamiko-2.pdf","review","local_or_unclassified_source","Гара Бов","Искърско дефиле","False","False","True","",""
"38","Хотнишка екопътека","Khotnishka-ekopteka.pdf, Khotnishkata-ekopteka-2.pdf","review","local_or_unclassified_source","Хотница","Велико Търново","False","False","True","",""
"470","Южнородопска или ""Дяволска"" екопътека","Iuzhnorodopska-ili.pdf","review","local_or_unclassified_source","Борино","Смолян","False","False","True","",""
"31","Red Dot Trail - Витоша","OpenStreetMap (Overpass API)","review","local_or_unclassified_source","","България","False","False","True","",""
"151","""Зелената пътека"" - Бачковски манастир","Zelenata-pteka-Bachkovski-manastir.pdf","review","local_or_unclassified_source","Бачковски манастир","Пловдив","False","True","True","",""
"410","""Пътека на приказките"" – Паничище","Pteka-na-prikazkite.pdf","review","local_or_unclassified_source","Паничище","Рила","False","True","True","",""
"452","""Синия вир"" – Сливен","Siniia-vir.pdf","review","local_or_unclassified_source","Сливен","Сливен","False","True","True","",""
"107","Вазова екопътека","document.pdf","review","local_or_unclassified_source","Заселе","Искърско дефиле","False","True","True","",""
"65","Горска пътека на приказките","Изходен пункт: м. Горски дом (преди х. Пършевица)","review","local_or_unclassified_source","Враца","Врачанска област","False","True","True","",""
"483","Директни изкачвания на Черни връх","Автобус № 93 от кв. Хладилника, София.","review","local_or_unclassified_source","София","Софийска област","False","True","True","",""
"94","Дряновска екопътека","В района на село Долни Върпища.","review","local_or_unclassified_source","Дряново","Габровска област","False","True","True","",""
"40","Еко стадион Пишмана","кв. Бузлуджа, Велико Търново","review","local_or_unclassified_source","Велико Търново","Велико Търновска област","False","True","True","",""
"141","Екопътека ""Беглика""","Експериментална станция на БАН","review","local_or_unclassified_source","","Пазарджишка област","False","True","True","",""
"16","Екопътека ""Белица - Кръстова гора""","","unknown","empty_source","Белица","Благоевград","False","True","True","",""
"122","Екопътека ""Гложене - Гложенски манастир - пещера Моровица""","Ekopteka-s-Glozhene.pdf","review","local_or_unclassified_source","Гложене","Ловеч","False","True","True","",""
"96","Екопътека ""Камъка"" - Горна Оряховица","Ekopteka-Kamka.pdf","review","local_or_unclassified_source","Горна Оряховица","Горна Оряховица","False","True","True","",""
"458","Екопътека ""Каньона на водопадите"" - Смолян","Ekopteka-Kanona-na-vodopadite.pdf","review","local_or_unclassified_source","Смолян","Смолян","False","True","True","",""
"445","Екопътека ""Лаго""","Ekopteka-Lago.pdf","review","local_or_unclassified_source","Самоков","Самоков","False","True","True","",""
"521","Екопътека ""Мадарски конник""","","unknown","empty_source","Мадара","Шумен","False","True","True","",""
"20","Екопътека ""Мелник - Роженски манастир""","Ekopteka-Melnik-Rozhenski-manastir.pdf","review","local_or_unclassified_source","Мелник","Благоевград","False","True","True","",""
"124","Екопътека ""Опасният зъб""","Ekopteka-Opasniiat-zb.pdf","review","local_or_unclassified_source","Тетевен","Ловеч","False","True","True","",""
"477","Екопътека ""Параклис"" – с. Врабево","Ekopteka-Paraklis-s.-Vrabevo.pdf","review","local_or_unclassified_source","Врабево","Софийска","False","True","True","",""
"41","Екопътека ""Планиница""","Ekopteka-Planinitsa.pdf","review","local_or_unclassified_source","Белоградчик","Видин","False","True","True","",""
"143","Екопътека ""Поглед към девет планини""","Ekopteka-Pogled-km-devet-planini.pdf","review","local_or_unclassified_source","Сирищник","Перник","False","True","True","",""
"149","Екопътека ""Попската скала""","Ekopteka-Popskata-skala.pdf","review","local_or_unclassified_source","Плевен","Плевен","False","True","True","",""
"502","Екопътека ""Пътека през вековете""","Ekopteka-Pteka-prez-vekovete.pdf","review","local_or_unclassified_source","Бузовград","Стара Загора","False","True","True","",""
"21","Екопътека ""Пътеката на дивата коза""","Ekopteka-Ptekata-na-divata-koza.pdf","review","local_or_unclassified_source","Баня, Добърско","Благоевград","False","True","True","",""
"112","Екопътека ""Пътят на Сърцето""","Ekopteka-Ptiat-na-Srtseto-Borovo.pdf","review","local_or_unclassified_source","Борово","Кърджали","False","True","True","",""
"461","Екопътека ""Свети дух""","Ekopteka-Sveti-dukh-Manastir.pdf","review","local_or_unclassified_source","Манастир","Смолян","False","True","True","",""
"479","Екопътека ""Седмовратица""","Ekopteka-Sedmovratitsa.pdf","review","local_or_unclassified_source","Карлуково","Софийска","False","True","True","",""
"223","Екопътека ""Стражка могила""","Ekopteka-Strazhka-mogila.pdf","review","local_or_unclassified_source","Страж","Пловдив","False","True","True","",""
"462","Екопътека ""Сърница Ай""","Ekopteka-Srnitsa-Ai.pdf","review","local_or_unclassified_source","Сърница","Смолян","False","True","True","",""
"23","Екопътека ""Тай3ните на водата"" и водопад ""Срамежливеца""","Ekopteka-Tainite-na-vodata.pdf","review","local_or_unclassified_source","Коларово","Благоевград","False","True","True","",""
"518","Екопътека ""Тайните водопади""","Ekopteka-Tainite-vodopadi.pdf","review","local_or_unclassified_source","Малко Градище","Хасково","False","True","True","",""
"63","Екопътека ""Тектонски грабен Калето""","Ekopteka-Tektonski-graben-Kaleto-Reselets.pdf","review","local_or_unclassified_source","Реселец","Враца","False","True","True","",""
"425","Екопътека „Торнал е Тодьо“ – с. Момчиловци","Tornal-e-Todo.pdf","review","local_or_unclassified_source","Момчиловци","Родопи","False","True","True","",""
"480","Екопътека ""Тракийски могили""","Ekopteka-Trakiiski-mogili.pdf","review","local_or_unclassified_source","Копривщица","Софийска","False","True","True","",""
"463","Екопътека ""Трите Смолянски езера""","Ekopteka-Trite-Smolianski-ezera.pdf","review","local_or_unclassified_source","Смолян","Смолян","False","True","True","",""
"91","Екопътека ""Узана""","Ekopteka-Uzana.pdf","review","local_or_unclassified_source","Узана","Габрово","False","True","True","",""
"465","Екопътека ""Царичина""","","unknown","empty_source","Царичина","Смолян","False","True","True","",""
"106","Екопътека до Киселчовски водопад","Kiselchovski-vodopad-Kiselchovo.pdf","review","local_or_unclassified_source","Киселчово","Западни Родопи","False","True","True","",""
"134","Екопътека Искър-Панега","Ekopteka-Iskr-Panega.pdf","review","local_or_unclassified_source","Луковит","Луковит","False","True","True","",""
"92","Екопътека Трявна - АИР ""Боженци""","Ekopteka-Triavna-AIR-Bozhentsi.pdf","review","local_or_unclassified_source","Трявна","Габрово","False","True","True","",""
"95","Екопътека Via Ferrata","СТД ""Бачо Киро""","review","local_or_unclassified_source","Дряново","Габровска област","False","True","True","",""
"36","Еменски каньон","Emenski-kanon.pdf","review","local_or_unclassified_source","Емен","Велико Търново","False","True","True","",""
"426","Изворите на река Въча – Меандрите на Буйновска река","Izvorite-na-reka-Vcha-Meandrite-na-Buinovska-reka.pdf","review","local_or_unclassified_source","Буйново","Родопи","False","True","True","",""
"68","Исторически маршрут „Антична и средновековна Вратица”","Istoricheski-marshrut-Antichna-i-srednovekovna-Vratitsa.pdf","review","local_or_unclassified_source","Враца","Врачански Балкан","False","True","True","",""
"69","Исторически маршрут „По стъпките на Ботевата чета”","Istoricheski-marshrut-Po-stpkite-na-Botevata-cheta.pdf","review","local_or_unclassified_source","Враца","Врачански Балкан","False","True","True","",""
"427","Калдъръмената пътека – Рожен","Kaldrmenata-pteka-Rozhen.pdf","review","local_or_unclassified_source","Рожен","Родопи","False","True","True","",""
"506","Калоферски мегалити ""Драмовете""","Kaloferski-megaliti-Dramovete.pdf","review","local_or_unclassified_source","Калофер","Стара Планина","False","True","True","",""
"507","Каменишки водопади","Kamenishki-vodopadi-2.pdf","review","local_or_unclassified_source","Камена","Стара Планина","False","True","True","",""
"431","Маршрут с. Орехово – Дяволска дупка","Marshrut-s-Orekhovo-Diavolska-dupka.pdf","review","local_or_unclassified_source","Орехово","Родопи","False","True","True","",""
"432","Маршрут с. Пловдивци – с. Мочура – Циганско градище – с. Пловдивци","Marshrut-s.-Plovdivtsi-s.-Mochura-Tsigansko-gradishche-s.-Plovdivtsi.pdf","review","local_or_unclassified_source","Пловдивци","Родопи","False","True","True","",""
"433","Маршрут с. Рибница – крепост Козник","Marshrut-s.Ribnitsa-krepost-Koznik.pdf","review","local_or_unclassified_source","Рибница","Родопи","False","True","True","",""
"8","Местност Бялата чешма – Самуилово","Mestnost-Bialata-cheshma-Samuilovo.pdf","review","local_or_unclassified_source","Самуилово","Беласица","False","True","True","",""
"131","Местност за отдих Мийковци","Miasto-za-otdikh-Miikovtsi.pdf","review","local_or_unclassified_source","Мийковци","Ловеч","False","True","True","",""
"7","Местност за пикник Орешак","Miasto-za-piknik-Oreshak.pdf","review","local_or_unclassified_source","Орешак","Балчик","False","True","True","",""
"132","Местност за пикник с. Малко Чочовени","Miasto-za-piknik-s.Malko-Chochoveni.pdf","review","local_or_unclassified_source","Малко Чочовени","Ловеч","False","True","True","",""
"450","Местност Карандила – Сливен","Mestnost-Karandila.pdf","review","local_or_unclassified_source","Сливен","Сините камъни","False","True","True","",""
"70","Местност КАРИЕРАТА – къмпинг над с. Згориград","Miasto-za-kmping-mestnostta-KARIERATA-nad-s-Zgorigrad.pdf","review","local_or_unclassified_source","Згориград","Врачански Балкан","False","True","True","",""
"451","Местност Тютюнлюка – Сливен","Mestnost-Tiutiunliuka.pdf","review","local_or_unclassified_source","Сливен","Сините камъни","False","True","True","",""
"71","Наследствена пътека с. Очин дол","Nasledstvena-pteka-s-Ochin-dol.pdf","review","local_or_unclassified_source","Очин дол","Врачански Балкан","False","True","True","",""
"44","Нископланинска обиколна пътека (НОП) Витоша","Niskoplaninska-obikolna-pteka.pdf","review","local_or_unclassified_source","София","Витоша","False","True","True","",""
"508","Пейката на любовта","Peikata-na-liubovta.pdf","review","local_or_unclassified_source","Дряново","Стара Планина","False","True","True","",""
"436","Пещера ""Голубовица 2"" с Виа Ферата","Peshchera-Golubovitsa-2.pdf","review","local_or_unclassified_source","Кошница","Родопи","False","True","True","",""
"46","Подход от кв. Бояна","Podkhod-ot-kv-Boiana.pdf","review","local_or_unclassified_source","Бояна","Витоша","False","True","True","",""
"47","Подход от кв. Драгалевци","Podkhod-ot-kv-Dragalevtsi.pdf","review","local_or_unclassified_source","Драгалевци","Витоша","False","True","True","",""
"48","Подход от кв. Княжево","Podkhod-ot-kv-Kniazhevo.pdf","review","local_or_unclassified_source","Княжево","Витоша","False","True","True","",""
"49","Подход от м. Златни мостове","Podkhod-ot-m-Zlatni-mostove.pdf","review","local_or_unclassified_source","Златни мостове","Витоша","False","True","True","",""
"50","Подход от м. Ярема","Podkhod-ot-m-Iarema.pdf","review","local_or_unclassified_source","Ярема","Витоша","False","True","True","",""
"51","Подход от с. Бистрица","Podkhod-ot-s-Bistritsa.pdf","review","local_or_unclassified_source","Бистрица","Витоша","False","True","True","",""
"52","Подход от с. Боснек","Podkhod-ot-s-Bosnek.pdf","review","local_or_unclassified_source","Боснек","Витоша","False","True","True","",""
"53","Подход от с. Владая","Podkhod-ot-s-Vladaia.pdf","review","local_or_unclassified_source","Владая","Витоша","False","True","True","",""
"54","Подход от с. Железница","Podkhod-ot-s-Zheleznitsa.pdf","review","local_or_unclassified_source","Железница","Витоша","False","True","True","",""
"55","Подход от с. Кладница","Podkhod-ot-s-Kladnitsa.pdf","review","local_or_unclassified_source","Кладница","Витоша","False","True","True","",""
"56","Подход от с. Рударци","Podkhod-ot-s-Rudartsi.pdf","review","local_or_unclassified_source","Рударци","Витоша","False","True","True","",""
"57","Подход от с. Чуйпетлово","Podkhod-ot-s-Chuipetlovo.pdf","review","local_or_unclassified_source","Чуйпетлово","Витоша","False","True","True","",""
"58","Подход от с. Ярлово","Podkhod-ot-s-Iarlovo.pdf","review","local_or_unclassified_source","Ярлово","Витоша","False","True","True","",""
"72","Познавателен маршрут „Белоглавият лешояд в ПП Врачански Балкан”","Poznavatelen-marshrut-Beloglaviiat-leshoiad-v-PP-Vrachanski-Balkan.pdf","review","local_or_unclassified_source","Долно Озирово","Врачански Балкан","False","True","True","",""
"73","Познавателен маршрут „Враца – пещера Леденика”","Poznavatelen-marshrut-Vratsa-peshchera-Ledenika.pdf","review","local_or_unclassified_source","Враца","Врачански Балкан","False","True","True","",""
"74","Познавателен маршрут „Карст и биологично разнообразие”","Poznavatelen-marshrut-Karst-i-biologichno-raznoobrazie.pdf","review","local_or_unclassified_source","Враца","Врачански Балкан","False","True","True","",""
"75","Познавателен маршрут „Планинарство за начинаещи”","Poznavatelen-marshrut-Planinarstvo-za-nachinaeshchi.pdf","review","local_or_unclassified_source","Враца","Врачански Балкан","False","True","True","",""
"145","Православен мемориален кръст „Памет и вяра”","Pravoslaven-memorialen-krst-Pamet-i-viara.pdf","review","local_or_unclassified_source","Благоевград","Пирин","False","True","True","",""
"413","Пътека ""Към царството на еделвайса""","Pteka-Km-tsarstvoto-na-edelvaisa.pdf","review","local_or_unclassified_source","Разлог","Рила","False","True","True","",""
"414","Пътека на глухаря","Pteka-na-glukharia.pdf","review","local_or_unclassified_source","Добърско","Рила","False","True","True","",""
"415","Пътека на рилската иглика","Pteka-na-rilskata-iglika.pdf","review","local_or_unclassified_source","Добърско","Рила","False","True","True","",""
"416","Пътеката на Дивата коза","Ptekata-na-Divata-koza.pdf","review","local_or_unclassified_source","Баня","Рила","False","True","True","",""
"409","Разходка до Голак","Razkhodka-do-Golak.pdf","review","local_or_unclassified_source","Разлог","Разложка котловина","False","True","True","",""
"503","Резерват ""Камещица"" – ждрело ""Боазът""","Rezervat-Kameshchitsa-zhdrelo-Boazt.pdf","review","local_or_unclassified_source","Енина","Стара Загора","False","True","True","",""
"449","Резерват ""Сребърна""","Rezervat-Srebrna.pdf","review","local_or_unclassified_source","Сребърна","Силистра","False","True","True","",""
"443","Русенски Лом","Екопътека.md файл","review","local_or_unclassified_source","","Русе","False","True","True","",""
"24","Скално образование ""Камината"" – Бов","Skalno-obrazovanie-Kaminata-Bov.pdf","review","local_or_unclassified_source","Бов","Бов","False","True","True","",""
"439","Смилян – с. Змиево – местност Аламушница – с. Смилян","Smilian-s.-Zmievo-mestnost-Alamushnitsa-s.-Smilian.pdf","review","local_or_unclassified_source","Смилян","Родопи","False","True","True","",""
"469","Смолянски езера","Екопътека.md файл","review","local_or_unclassified_source","","Смолян","False","True","True","",""
"76","Спортно-туристически маршрут „Горска пътека на здравето“","Sportno-turisticheski-marshrut-Gorska-pteka-na-zdraveto.pdf","review","local_or_unclassified_source","Враца","Врачански Балкан","False","True","True","",""
"60","Среднопланинска обиколна пътека (СОП)","Srednoplaninska-obikolna-pteka.pdf","review","local_or_unclassified_source","София","Витоша","False","True","True","",""
"509","Странджанска горска пътека","Strandzhanska-gorska-pteka.pdf","review","local_or_unclassified_source","Стоилово","Странджа","False","True","True","",""
"485","Туристическа екопътека ""Тульово""","Turisticheska-ekopteka-Tulovo.pdf","review","local_or_unclassified_source","Тульово","Софийска област","False","True","True","",""
"453","Хайдушка пътека гр.Сливен – Карандила – Кушбунар","Khaidushka-pteka-gr-Sliven-Karandila-Kushbunar.pdf","review","local_or_unclassified_source","Сливен","Сливен","False","True","True","",""
"418","Хайдушка пътека с.Годлево – връх Равник","Khaidushka-pteka.pdf","review","local_or_unclassified_source","Годлево","Рила","False","True","True","",""
"9","Хайдушки водопади (екопътека)","Khaidushki-vodopadi-2.pdf","review","local_or_unclassified_source","Берковица","Берковица","False","True","True","",""
"39","Христовски водопад ""Руховци"" (екопътека)","Khristovski-vodopad-Rukhovtsi.pdf","review","local_or_unclassified_source","Христовци","Велико Търново","False","True","True","",""
"519","Чипровски водопад, Екопътека Демяница","Chiprovski-vodopad-Ekopteka-Demianitsa.pdf","review","local_or_unclassified_source","Чипровци","Чипровци","False","True","True","",""
"136","E3 Етап 1: Ком връх - Петрохан","European Long Distance Paths (E-paths)","review","local_or_unclassified_source","Монтана","Монтана","True","False","True","",""
"25","E3 Етап 10: Шипка - Емине връх","European Long Distance Paths (E-paths)","review","local_or_unclassified_source","Большое Търново","Большое Търново","True","False","True","",""
"120","E3 Етап 2: Петрохан - Лакатник","European Long Distance Paths (E-paths)","review","local_or_unclassified_source","Ловеч","Ловеч","True","False","True","",""
"121","E3 Етап 3: Лакатник - Витиня","European Long Distance Paths (E-paths)","review","local_or_unclassified_source","Ловеч","Ловеч","True","False","True","",""
"78","E3 Етап 4: Витиня - Кардиново","European Long Distance Paths (E-paths)","review","local_or_unclassified_source","Габрово","Габрово","True","False","True","",""
"79","E3 Етап 5: Кардиново - Тетевен","European Long Distance Paths (E-paths)","review","local_or_unclassified_source","Габрово","Габрово","True","False","True","",""
"80","E3 Етап 6: Тетевен - Чулово","European Long Distance Paths (E-paths)","review","local_or_unclassified_source","Габрово","Габрово","True","False","True","",""
"81","E3 Етап 7: Чулово - Боян","European Long Distance Paths (E-paths)","review","local_or_unclassified_source","Габрово","Габрово","True","False","True","",""
"82","E3 Етап 8: Боян - Розова долина","European Long Distance Paths (E-paths)","review","local_or_unclassified_source","Габрово","Габрово","True","False","True","",""
"83","E3 Етап 9: Розова долина - Шипка","European Long Distance Paths (E-paths)","review","local_or_unclassified_source","Габрово","Габрово","True","False","True","",""
"486","E4 Етап 1: Витоша - Княжево - Жиголово","European Long Distance Paths (E-paths)","review","local_or_unclassified_source","София","София","True","False","True","",""
"10","E4 Етап 10: Вихрен - Банско","European Long Distance Paths (E-paths)","review","local_or_unclassified_source","Благоевград","Благоевград","True","False","True","",""
"11","E4 Етап 11: Банско - Славянка планина","European Long Distance Paths (E-paths)","review","local_or_unclassified_source","Благоевград","Благоевград","True","False","True","",""
"12","E4 Етап 12: Славянка връх - Мелник","European Long Distance Paths (E-paths)","review","local_or_unclassified_source","Благоевград","Благоевград","True","False","True","",""
"487","E4 Етап 2: Жиголово - Перелик","European Long Distance Paths (E-paths)","review","local_or_unclassified_source","София","София","True","False","True","",""
"113","E4 Етап 3: Перелик - Рила манастир","European Long Distance Paths (E-paths)","review","local_or_unclassified_source","Кюстендил","Кюстендил","True","False","True","",""
"114","E4 Етап 4: Рила манастир - Седемте Рилски езера","European Long Distance Paths (E-paths)","review","local_or_unclassified_source","Кюстендил","Кюстендил","True","False","True","",""
"115","E4 Етап 5: Озеро - връх Маричини езера","European Long Distance Paths (E-paths)","review","local_or_unclassified_source","Кюстендил","Кюстендил","True","False","True","",""
"488","E4 Етап 6: Маричини езера - Боровец","European Long Distance Paths (E-paths)","review","local_or_unclassified_source","София","София","True","False","True","",""
"489","E4 Етап 7: Боровец - връх Мусала","European Long Distance Paths (E-paths)","review","local_or_unclassified_source","София","София","True","False","True","",""
"13","E4 Етап 8: Мусала - Пирин национален парк","European Long Distance Paths (E-paths)","review","local_or_unclassified_source","Благоевград","Благоевград","True","False","True","",""
"14","E4 Етап 9: Пирин - връх Вихрен","European Long Distance Paths (E-paths)","review","local_or_unclassified_source","Благоевград","Благоевград","True","False","True","",""
"116","E8 Етап 1: Рила манастир - Врелото","European Long Distance Paths (E-paths)","review","local_or_unclassified_source","Кюстендил","Кюстендил","True","False","True","",""
"117","E8 Етап 2: Врелото - Рилска пустиня","European Long Distance Paths (E-paths)","review","local_or_unclassified_source","Кюстендил","Кюстендил","True","False","True","",""
"118","E8 Етап 3: Рилска пустиня - Урдини езера","European Long Distance Paths (E-paths)","review","local_or_unclassified_source","Кюстендил","Кюстендил","True","False","True","",""
"119","E8 Етап 4: Урдини езера - връх Стобски пирамиди","European Long Distance Paths (E-paths)","review","local_or_unclassified_source","Кюстендил","Кюстендил","True","False","True","",""
"490","E8 Етап 5: Стоб - Пасарел","European Long Distance Paths (E-paths)","review","local_or_unclassified_source","София","София","True","False","True","",""
"491","E8 Етап 7: Лозен - Костенец","European Long Distance Paths (E-paths)","review","local_or_unclassified_source","София","София","True","False","True","",""
"454","E8 Етап 9: Чепино - триградско ждрело","European Long Distance Paths (E-paths)","review","local_or_unclassified_source","Смолян","Смолян","True","False","True","",""
"455","E8 Этап 10: Триградско ждрело - Смолян","European Long Distance Paths (E-paths)","review","local_or_unclassified_source","Смолян","Смолян","True","False","True","",""
"492","E8 Этап 6: Пасарел - връх Лозен","European Long Distance Paths (E-paths)","review","local_or_unclassified_source","София","София","True","False","True","",""
"84","E8 Этап 8: Костенец - Чепино","European Long Distance Paths (E-paths)","review","local_or_unclassified_source","Габрово","Габрово","True","False","True","",""
"152","Агушеви конаци","Екопътека.md файл","review","local_or_unclassified_source","","Пловдив","True","True","True","",""
"153","Академика","Екопътека.md файл","review","local_or_unclassified_source","","Пловдив","True","True","True","",""
"154","Аладжа манастир","Екопътека.md файл","review","local_or_unclassified_source","","Пловдив","True","True","True","",""
"155","Албутински манастир","Екопътека.md файл","review","local_or_unclassified_source","","Пловдив","True","True","True","",""
"156","Алеко","Екопътека.md файл","review","local_or_unclassified_source","","Пловдив","True","True","True","",""
"157","Алея на билките","Екопътека.md файл","review","local_or_unclassified_source","","Пловдив","True","True","True","",""
"158","Али ботуш","Екопътека.md файл","review","local_or_unclassified_source","","Пловдив","True","True","True","",""
"159","Ардинци","Екопътека.md файл","review","local_or_unclassified_source","","Пловдив","True","True","True","",""
"160","Аркутино","Екопътека.md файл","review","local_or_unclassified_source","","Пловдив","True","True","True","",""
"161","Атанасовско езеро","Екопътека.md файл","review","local_or_unclassified_source","","Пловдив","True","True","True","",""
"162","Баба Вида","Екопътека.md файл","review","local_or_unclassified_source","","Пловдив","True","True","True","",""
"163","Бабин пласт","Екопътека.md файл","review","local_or_unclassified_source","","Пловдив","True","True","True","",""
"164","Бабини Видини кули","Екопътека.md файл","review","local_or_unclassified_source","","Пловдив","True","True","True","",""
"165","Бабско пръскало","Екопътека.md файл","review","local_or_unclassified_source","","Пловдив","True","True","True","",""
"166","Байкушевата мура","Екопътека.md файл","review","local_or_unclassified_source","","Пловдив","True","True","True","",""
"167","Балчик","Екопътека.md файл","review","local_or_unclassified_source","","Пловдив","True","True","True","",""
"168","Батак","Екопътека.md файл","review","local_or_unclassified_source","","Пловдив","True","True","True","",""
"169","Беглик таш","Екопътека.md файл","review","local_or_unclassified_source","","Пловдив","True","True","True","",""
"170","Беглика","Екопътека.md файл","review","local_or_unclassified_source","","Пловдив","True","True","True","",""
"171","Беглика рали","Екопътека.md файл","review","local_or_unclassified_source","","Пловдив","True","True","True","",""
"172","Беклемето","Екопътека.md файл","review","local_or_unclassified_source","","Пловдив","True","True","True","",""
"173","Беласица","Екопътека.md файл","review","local_or_unclassified_source","","Пловдив","True","True","True","",""
"174","Бели Искър","Екопътека.md файл","review","local_or_unclassified_source","","Пловдив","True","True","True","",""
"175","Белинташ","Екопътека.md файл","review","local_or_unclassified_source","","Пловдив","True","True","True","",""
"176","Белмекен","Екопътека.md файл","review","local_or_unclassified_source","","Пловдив","True","True","True","",""
"177","Белоградчишки скали","Екопътека.md файл","review","local_or_unclassified_source","","Пловдив","True","True","True","",""
"178","Биосферен резерват","Екопътека.md файл","review","local_or_unclassified_source","","Пловдив","True","True","True","",""
"179","Бистрица","Екопътека.md файл","review","local_or_unclassified_source","","Пловдив","True","True","True","",""
"180","Бистришко бранище","Екопътека.md файл","review","local_or_unclassified_source","","Пловдив","True","True","True","",""
"181","Бодрост","Екопътека.md файл","review","local_or_unclassified_source","","Пловдив","True","True","True","",""
"182","Божевски водопад","Екопътека.md файл","review","local_or_unclassified_source","","Пловдив","True","True","True","",""
"183","Божият мост","Екопътека.md файл","review","local_or_unclassified_source","","Пловдив","True","True","True","",""
"184","Болата","Екопътека.md файл","review","local_or_unclassified_source","","Пловдив","True","True","True","",""
"185","Ботев връх","Екопътека.md файл","review","local_or_unclassified_source","","Пловдив","True","True","True","",""
"493","Боянски водопад","Екопътека.md файл","review","local_or_unclassified_source","","София","True","True","True","",""
"494","Боянско езеро","Екопътека.md файл","review","local_or_unclassified_source","","София","True","True","True","",""
"186","Бродилово","Екопътека.md файл","review","local_or_unclassified_source","","Пловдив","True","True","True","",""
"187","Бузлуджа","Екопътека.md файл","review","local_or_unclassified_source","","Пловдив","True","True","True","",""
"188","Буйновско ждрело","Екопътека.md файл","review","local_or_unclassified_source","","Пловдив","True","True","True","",""
"189","Буная","Екопътека.md файл","review","local_or_unclassified_source","","Пловдив","True","True","True","",""
"190","Българи","Екопътека.md файл","review","local_or_unclassified_source","","Пловдив","True","True","True","",""
"191","Бяла река","Екопътека.md файл","review","local_or_unclassified_source","","Пловдив","True","True","True","",""
"192","В царството на зелениката","Екопътека.md файл","review","local_or_unclassified_source","","Пловдив","True","True","True","",""
"511","Вазова екопътека (Гара Бов)
3. \* Екопътека","Екопътека.md файл","review","local_or_unclassified_source","","Теменуга","True","True","True","",""
"193","Варовитец","Екопътека.md файл","review","local_or_unclassified_source","","Пловдив","True","True","True","",""
"194","Велека","Екопътека.md файл","review","local_or_unclassified_source","","Пловдив","True","True","True","",""
"195","Видимско пръскало","Екопътека.md файл","review","local_or_unclassified_source","","Пловдив","True","True","True","",""
"196","Вкаменената сватба","Екопътека.md файл","review","local_or_unclassified_source","","Пловдив","True","True","True","",""
"197","Врабча","Екопътека.md файл","review","local_or_unclassified_source","","Пловдив","True","True","True","",""
"198","Вратцата","Екопътека.md файл","review","local_or_unclassified_source","","Пловдив","True","True","True","",""
"62","Врацата","Екопътека.md файл","review","local_or_unclassified_source","","Враца","True","True","True","",""
"199","Врелото","Екопътека.md файл","review","local_or_unclassified_source","","Пловдив","True","True","True","",""
"200","Вълчи камък","Екопътека.md файл","review","local_or_unclassified_source","","Пловдив","True","True","True","",""
"201","Геопарк Искър-Панега","Екопътека.md файл","review","local_or_unclassified_source","","Пловдив","True","True","True","",""
"202","Гложенски манастир","Екопътека.md файл","review","local_or_unclassified_source","","Пловдив","True","True","True","",""
"203","Голяма Сюткя","Екопътека.md файл","review","local_or_unclassified_source","","Пловдив","True","True","True","",""
"204","Горица","Екопътека.md файл","review","local_or_unclassified_source","","Пловдив","True","True","True","",""
"205","Горна земя","Екопътека.md файл","review","local_or_unclassified_source","","Пловдив","True","True","True","",""
"206","Градище","Екопътека.md файл","review","local_or_unclassified_source","","Пловдив","True","True","True","",""
"207","Граматиково","Екопътека.md файл","review","local_or_unclassified_source","","Пловдив","True","True","True","",""
"208","Двете реки","Екопътека.md файл","review","local_or_unclassified_source","","Пловдив","True","True","True","",""
"209","Деветашка пещера","Екопътека.md файл","review","local_or_unclassified_source","","Пловдив","True","True","True","",""
"210","Дерменка","Екопътека.md файл","review","local_or_unclassified_source","","Пловдив","True","True","True","",""
"384","до водопад Женското пръскало
277. \* Екопътека","Екопътека.md файл","review","local_or_unclassified_source","","Пловдив","True","True","True","",""
"385","до връх Богдан
293. \* Екопътека","Екопътека.md файл","review","local_or_unclassified_source","","Пловдив","True","True","True","",""
"386","до връх Вежен
289. \* Екопътека","Екопътека.md файл","review","local_or_unclassified_source","","Пловдив","True","True","True","",""
"387","до връх Вихрен (класически маршрут)
245. \* Екопътека","Екопътека.md файл","review","local_or_unclassified_source","","Пловдив","True","True","True","",""
"388","до връх Могила
214. \* Екопътека","Екопътека.md файл","review","local_or_unclassified_source","","Пловдив","True","True","True","",""
"389","до връх Половрак
344. \* Екопътека","Екопътека.md файл","review","local_or_unclassified_source","","Пловдив","True","True","True","",""
"380","до Кирилова поляна
259. \* Екопътека","Екопътека.md файл","review","local_or_unclassified_source","","Пловдив","True","True","True","",""
"390","до крепостта","Екопътека.md файл","review","local_or_unclassified_source","","Пловдив","True","True","True","",""
"381","до Муратово езеро
247. \* Екопътека","Екопътека.md файл","review","local_or_unclassified_source","","Пловдив","True","True","True","",""
"391","до пещера","Екопътека.md файл","review","local_or_unclassified_source","","Пловдив","True","True","True","",""
"382","до Стрелча (Минерални извори)
295. \* Екопътека","Екопътека.md файл","review","local_or_unclassified_source","","Пловдив","True","True","True","",""
"383","до Тевно езеро
253. \* Екопътека","Екопътека.md файл","review","local_or_unclassified_source","","Пловдив","True","True","True","",""
"15","Долина на река Благоевградска Бистрица","Екопътека.md файл","review","local_or_unclassified_source","","Благоевград","True","True","True","",""
"211","Долмените","Екопътека.md файл","review","local_or_unclassified_source","","Пловдив","True","True","True","",""
"212","Доспат","Екопътека.md файл","review","local_or_unclassified_source","","Пловдив","True","True","True","",""
"495","Драгалевци – Черни връх","Екопътека.md файл","review","local_or_unclassified_source","","София","True","True","True","",""
"213","Драгоманско блато","Екопътека.md файл","review","local_or_unclassified_source","","Пловдив","True","True","True","",""
"214","Дуранкулак","Екопътека.md файл","review","local_or_unclassified_source","","Пловдив","True","True","True","",""
"215","Дървото на живота","Екопътека.md файл","review","local_or_unclassified_source","","Пловдив","True","True","True","",""
"457","Дяволската пътека (Борино)
11. \* Екопътека","Екопътека.md файл","review","local_or_unclassified_source","","Смолян","True","True","True","",""
"216","Дяволски мост","Екопътека.md файл","review","local_or_unclassified_source","","Пловдив","True","True","True","",""
"217","Дяволското гърло","Екопътека.md файл","review","local_or_unclassified_source","","Пловдив","True","True","True","",""
"226","Енина","Екопътека.md файл","review","local_or_unclassified_source","","Пловдив","True","True","True","",""
"227","Етрополски водопад","Екопътека.md файл","review","local_or_unclassified_source","","Пловдив","True","True","True","",""
"228","Жеравна","Екопътека.md файл","review","local_or_unclassified_source","","Пловдив","True","True","True","",""
"229","Златна Панега","Екопътека.md файл","review","local_or_unclassified_source","","Пловдив","True","True","True","",""
"230","Златни пясъци","Екопътека.md файл","review","local_or_unclassified_source","","Пловдив","True","True","True","",""
"231","Златните мостове","Екопътека.md файл","review","local_or_unclassified_source","","Пловдив","True","True","True","",""
"232","Златолист","Екопътека.md файл","review","local_or_unclassified_source","","Пловдив","True","True","True","",""
"233","Ивановски скални църкви","Екопътека.md файл","review","local_or_unclassified_source","","Пловдив","True","True","True","",""
"234","Изворите на Младежка","Екопътека.md файл","review","local_or_unclassified_source","","Пловдив","True","True","True","",""
"235","Изворите на река Въча","Екопътека.md файл","review","local_or_unclassified_source","","Пловдив","True","True","True","",""
"236","Индипаска","Екопътека.md файл","review","local_or_unclassified_source","","Пловдив","True","True","True","",""
"237","Искър-Панега","Екопътека.md файл","review","local_or_unclassified_source","","Пловдив","True","True","True","",""
"238","Кадемлийско пръскало","Екопътека.md файл","review","local_or_unclassified_source","","Пловдив","True","True","True","",""
"239","Казанджи дере","Екопътека.md файл","review","local_or_unclassified_source","","Пловдив","True","True","True","",""
"240","Калиакра","Екопътека.md файл","review","local_or_unclassified_source","","Пловдив","True","True","True","",""
"241","Каменни гъби","Екопътека.md файл","review","local_or_unclassified_source","","Пловдив","True","True","True","",""
"242","Камчийски пясъци","Екопътека.md файл","review","local_or_unclassified_source","","Пловдив","True","True","True","",""
"243","Камчия","Екопътека.md файл","review","local_or_unclassified_source","","Пловдив","True","True","True","",""
"244","Каньона на водопадите","Екопътека.md файл","review","local_or_unclassified_source","","Пловдив","True","True","True","",""
"245","Каньонът на река Герзовица","Екопътека.md файл","review","local_or_unclassified_source","","Пловдив","True","True","True","",""
"246","Каньонът на река Тара","Екопътека.md файл","review","local_or_unclassified_source","","Пловдив","True","True","True","",""
"247","Караджов камък","Екопътека.md файл","review","local_or_unclassified_source","","Пловдив","True","True","True","",""
"248","Карандила","Екопътека.md файл","review","local_or_unclassified_source","","Пловдив","True","True","True","",""
"249","Картала","Екопътека.md файл","review","local_or_unclassified_source","","Пловдив","True","True","True","",""
"250","Кечика Кая","Екопътека.md файл","review","local_or_unclassified_source","","Пловдив","True","True","True","",""
"251","Кикиш","Екопътека.md файл","review","local_or_unclassified_source","","Пловдив","True","True","True","",""
"252","Кирилова поляна","Екопътека.md файл","review","local_or_unclassified_source","","Пловдив","True","True","True","",""
"253","Киселчово","Екопътека.md файл","review","local_or_unclassified_source","","Пловдив","True","True","True","",""
"497","Кладница – Селимица","Екопътека.md файл","review","local_or_unclassified_source","","София","True","True","True","",""
"254","Княжевска пътека","Екопътека.md файл","review","local_or_unclassified_source","","Пловдив","True","True","True","",""
"255","Кобилино бранище","Екопътека.md файл","review","local_or_unclassified_source","","Пловдив","True","True","True","",""
"256","Кожух планина","Екопътека.md файл","review","local_or_unclassified_source","","Пловдив","True","True","True","",""
"257","Козя стена","Екопътека.md файл","review","local_or_unclassified_source","","Пловдив","True","True","True","",""
"258","Комините","Екопътека.md файл","review","local_or_unclassified_source","","Пловдив","True","True","True","",""
"259","Копитото – Момина скала","Екопътека.md файл","review","local_or_unclassified_source","","Пловдив","True","True","True","",""
"260","Копрен","Екопътека.md файл","review","local_or_unclassified_source","","Пловдив","True","True","True","",""
"261","Кости","Екопътека.md файл","review","local_or_unclassified_source","","Пловдив","True","True","True","",""
"262","Костина","Екопътека.md файл","review","local_or_unclassified_source","","Пловдив","True","True","True","",""
"263","Котел","Екопътека.md файл","review","local_or_unclassified_source","","Пловдив","True","True","True","",""
"264","Крушунски водопади","Екопътека.md файл","review","local_or_unclassified_source","","Пловдив","True","True","True","",""
"265","Кръстова гора","Екопътека.md файл","review","local_or_unclassified_source","","Пловдив","True","True","True","",""
"392","към в. Свобода
228. \* Екопътека","Екопътека.md файл","review","local_or_unclassified_source","","Пловдив","True","True","True","",""
"393","към водопад Кадемлийско пръскало
269. \* Екопътека","Екопътека.md файл","review","local_or_unclassified_source","","Пловдив","True","True","True","",""
"500","към езеро Окото (Пирин)
239. \* Екопътека","Екопътека.md файл","review","local_or_unclassified_source","","София","True","True","True","",""
"498","Към Самоков","Екопътека.md файл","review","local_or_unclassified_source","","София","True","True","True","",""
"394","към х. Безводно
230. \* Екопътека","Екопътека.md файл","review","local_or_unclassified_source","","Пловдив","True","True","True","",""
"395","към хижа Рай (от Паниците)
283. \* Екопътека","Екопътека.md файл","review","local_or_unclassified_source","","Пловдив","True","True","True","",""
"396","към хижа Рибни езера
249. \* Екопътека","Екопътека.md файл","review","local_or_unclassified_source","","Пловдив","True","True","True","",""
"397","към хижа Синаница
241. \* Екопътека","Екопътека.md файл","review","local_or_unclassified_source","","Пловдив","True","True","True","",""
"266","Кървавата скала","Екопътека.md файл","review","local_or_unclassified_source","","Пловдив","True","True","True","",""
"267","Лакатнишки скали","Екопътека.md файл","review","local_or_unclassified_source","","Пловдив","True","True","True","",""
"268","Леденика","Екопътека.md файл","review","local_or_unclassified_source","","Пловдив","True","True","True","",""
"269","Лешнишки водопад","Екопътека.md файл","review","local_or_unclassified_source","","Пловдив","True","True","True","",""
"270","Лисиците","Екопътека.md файл","review","local_or_unclassified_source","","Пловдив","True","True","True","",""
"271","Лозенски манастир","Екопътека.md файл","review","local_or_unclassified_source","","Пловдив","True","True","True","",""
"272","Ломски каньон","Екопътека.md файл","review","local_or_unclassified_source","","Пловдив","True","True","True","",""
"273","Лъвската глава","Екопътека.md файл","review","local_or_unclassified_source","","Пловдив","True","True","True","",""
"274","Мадарски конник","Екопътека.md файл","review","local_or_unclassified_source","","Пловдив","True","True","True","",""
"275","Мазалат","Екопътека.md файл","review","local_or_unclassified_source","","Пловдив","True","True","True","",""
"276","Малко Търново","Екопътека.md файл","review","local_or_unclassified_source","","Пловдив","True","True","True","",""
"277","Мальовица","Екопътека.md файл","review","local_or_unclassified_source","","Пловдив","True","True","True","",""
"278","Марциганица","Екопътека.md файл","review","local_or_unclassified_source","","Пловдив","True","True","True","",""
"279","Маслен нос","Екопътека.md файл","review","local_or_unclassified_source","","Пловдив","True","True","True","",""
"280","Меандри на Арда","Екопътека.md файл","review","local_or_unclassified_source","","Пловдив","True","True","True","",""
"281","Меаните","Екопътека.md файл","review","local_or_unclassified_source","","Пловдив","True","True","True","",""
"282","Медвен","Екопътека.md файл","review","local_or_unclassified_source","","Пловдив","True","True","True","",""
"283","Мелнишки пирамиди","Екопътека.md файл","review","local_or_unclassified_source","","Пловдив","True","True","True","",""
"284","Мечи стъпки","Екопътека.md файл","review","local_or_unclassified_source","","Пловдив","True","True","True","",""
"285","Минерални бани","Екопътека.md файл","review","local_or_unclassified_source","","Пловдив","True","True","True","",""
"286","Мишкова нива","Екопътека.md файл","review","local_or_unclassified_source","","Пловдив","True","True","True","",""
"287","Момчил юнак","Екопътека.md файл","review","local_or_unclassified_source","","Пловдив","True","True","True","",""
"288","Момчилова крепост","Екопътека.md файл","review","local_or_unclassified_source","","Пловдив","True","True","True","",""
"402","на балканската дива коза
243. \* Екопътека","Екопътека.md файл","review","local_or_unclassified_source","","Пловдив","True","True","True","",""
"403","на билките (Бродилово)
302. \* Екопътека","Екопътека.md файл","review","local_or_unclassified_source","","Пловдив","True","True","True","",""
"398","на Дунавските рибари
326. \* Екопътека","Екопътека.md файл","review","local_or_unclassified_source","","Пловдив","True","True","True","",""
"471","на занаятите (Златоград)
216. \* Екопътека","Екопътека.md файл","review","local_or_unclassified_source","","Смолян","True","True","True","",""
"404","на здравето","Екопътека.md файл","review","local_or_unclassified_source","","Пловдив","True","True","True","",""
"472","на здравето (Девин)
203. \* Екопътека","Екопътека.md файл","review","local_or_unclassified_source","","Смолян","True","True","True","",""
"405","на миньора (Росен)
308. \* Екопътека","Екопътека.md файл","review","local_or_unclassified_source","","Пловдив","True","True","True","",""
"406","на партизаните (историческа)
222. \* Екопътека","Екопътека.md файл","review","local_or_unclassified_source","","Пловдив","True","True","True","",""
"399","на Рилската иглика
237. \* Екопътека","Екопътека.md файл","review","local_or_unclassified_source","","Пловдив","True","True","True","",""
"400","на Свободата (Шипка)
279. \* Екопътека","Екопътека.md файл","review","local_or_unclassified_source","","Пловдив","True","True","True","",""
"401","на Чучулигите
271. \* Екопътека","Екопътека.md файл","review","local_or_unclassified_source","","Пловдив","True","True","True","",""
"289","Невястата","Екопътека.md файл","review","local_or_unclassified_source","","Пловдив","True","True","True","",""
"290","Обесен камък","Екопътека.md файл","review","local_or_unclassified_source","","Пловдив","True","True","True","",""
"291","Окопна манастир","Екопътека.md файл","review","local_or_unclassified_source","","Пловдив","True","True","True","",""
"292","Ореляк","Екопътека.md файл","review","local_or_unclassified_source","","Пловдив","True","True","True","",""
"293","Орлови скали","Екопътека.md файл","review","local_or_unclassified_source","","Пловдив","True","True","True","",""
"294","Орлово око","Екопътека.md файл","review","local_or_unclassified_source","","Пловдив","True","True","True","",""
"295","Парилско седло","Екопътека.md файл","review","local_or_unclassified_source","","Пловдив","True","True","True","",""
"296","Пеещи скали","Екопътека.md файл","review","local_or_unclassified_source","","Пловдив","True","True","True","",""
"297","Перперикон","Екопътека.md файл","review","local_or_unclassified_source","","Пловдив","True","True","True","",""
"298","Петрова нива","Екопътека.md файл","review","local_or_unclassified_source","","Пловдив","True","True","True","",""
"299","Пещера Песнопой","Екопътека.md файл","review","local_or_unclassified_source","","Пловдив","True","True","True","",""
"300","Поглед към девет планини","Екопътека.md файл","review","local_or_unclassified_source","","Пловдив","True","True","True","",""
"301","Пода","Екопътека.md файл","review","local_or_unclassified_source","","Пловдив","True","True","True","",""
"302","Поломие","Екопътека.md файл","review","local_or_unclassified_source","","Пловдив","True","True","True","",""
"303","Поляната","Екопътека.md файл","review","local_or_unclassified_source","","Пловдив","True","True","True","",""
"304","Поморие","Екопътека.md файл","review","local_or_unclassified_source","","Пловдив","True","True","True","",""
"305","Понтийски път","Екопътека.md файл","review","local_or_unclassified_source","","Пловдив","True","True","True","",""
"306","Попови ливади","Екопътека.md файл","review","local_or_unclassified_source","","Пловдив","True","True","True","",""
"307","Правешка екопътека","Екопътека.md файл","review","local_or_unclassified_source","","Пловдив","True","True","True","",""
"308","Пътека","Екопътека.md файл","review","local_or_unclassified_source","","Пловдив","True","True","True","",""
"309","Райското пръскало","Екопътека.md файл","review","local_or_unclassified_source","","Пловдив","True","True","True","",""
"310","Резово","Екопътека.md файл","review","local_or_unclassified_source","","Пловдив","True","True","True","",""
"311","Рибарица","Екопътека.md файл","review","local_or_unclassified_source","","Пловдив","True","True","True","",""
"312","Рибни езера","Екопътека.md файл","review","local_or_unclassified_source","","Пловдив","True","True","True","",""
"313","Рилски манастир","Екопътека.md файл","review","local_or_unclassified_source","","Пловдив","True","True","True","",""
"314","Ритлите","Екопътека.md файл","review","local_or_unclassified_source","","Пловдив","True","True","True","",""
"315","Роженски манастир","Екопътека.md файл","review","local_or_unclassified_source","","Пловдив","True","True","True","",""
"316","Ропотамо","Екопътека.md файл","review","local_or_unclassified_source","","Пловдив","True","True","True","",""
"317","Рупите","Екопътека.md файл","review","local_or_unclassified_source","","Пловдив","True","True","True","",""
"318","Русалка","Екопътека.md файл","review","local_or_unclassified_source","","Пловдив","True","True","True","",""
"319","Самуилова крепост","Екопътека.md файл","review","local_or_unclassified_source","","Пловдив","True","True","True","",""
"320","Сандански","Екопътека.md файл","review","local_or_unclassified_source","","Пловдив","True","True","True","",""
"321","Света Петка","Екопътека.md файл","review","local_or_unclassified_source","","Пловдив","True","True","True","",""
"322","Светлина","Екопътека.md файл","review","local_or_unclassified_source","","Пловдив","True","True","True","",""
"323","Седемте рилски езера","Екопътека.md файл","review","local_or_unclassified_source","","Пловдив","True","True","True","",""
"324","Силистар","Екопътека.md файл","review","local_or_unclassified_source","","Пловдив","True","True","True","",""
"325","Симеоновски езера","Екопътека.md файл","review","local_or_unclassified_source","","Пловдив","True","True","True","",""
"326","Сините камъни","Екопътека.md файл","review","local_or_unclassified_source","","Пловдив","True","True","True","",""
"327","Синия вир","Екопътека.md файл","review","local_or_unclassified_source","","Пловдив","True","True","True","",""
"328","Скакавица","Екопътека.md файл","review","local_or_unclassified_source","","Пловдив","True","True","True","",""
"329","Скакля","Екопътека.md файл","review","local_or_unclassified_source","","Пловдив","True","True","True","",""
"330","Скални манастири","Екопътека.md файл","review","local_or_unclassified_source","","Пловдив","True","True","True","",""
"331","Скални църкви","Екопътека.md файл","review","local_or_unclassified_source","","Пловдив","True","True","True","",""
"332","Славянка","Екопътека.md файл","review","local_or_unclassified_source","","Пловдив","True","True","True","",""
"333","Соколна","Екопътека.md файл","review","local_or_unclassified_source","","Пловдив","True","True","True","",""
"334","Соколски манастир","Екопътека.md файл","review","local_or_unclassified_source","","Пловдив","True","True","True","",""
"335","Стената","Екопътека.md файл","review","local_or_unclassified_source","","Пловдив","True","True","True","",""
"336","Стобски пирамиди","Екопътека.md файл","review","local_or_unclassified_source","","Пловдив","True","True","True","",""
"337","Странджански дъб","Екопътека.md файл","review","local_or_unclassified_source","","Пловдив","True","True","True","",""
"338","Струилица – Калето – Лъката","Екопътека.md файл","review","local_or_unclassified_source","","Пловдив","True","True","True","",""
"339","Сухото езеро","Екопътека.md файл","review","local_or_unclassified_source","","Пловдив","True","True","True","",""
"340","Сърница","Екопътека.md файл","review","local_or_unclassified_source","","Пловдив","True","True","True","",""
"341","Табашката пещера","Екопътека.md файл","review","local_or_unclassified_source","","Пловдив","True","True","True","",""
"342","Татул","Екопътека.md файл","review","local_or_unclassified_source","","Пловдив","True","True","True","",""
"93","Тетевенска баба","Екопътека.md файл","review","local_or_unclassified_source","","Габрово","True","True","True","",""
"343","Торфено бранище","Екопътека.md файл","review","local_or_unclassified_source","","Пловдив","True","True","True","",""
"344","Трански ждрело","Екопътека.md файл","review","local_or_unclassified_source","","Пловдив","True","True","True","",""
"345","Триглав","Екопътека.md файл","review","local_or_unclassified_source","","Пловдив","True","True","True","",""
"346","Триградско ждрело","Екопътека.md файл","review","local_or_unclassified_source","","Пловдив","True","True","True","",""
"347","Трите чуки","Екопътека.md файл","review","local_or_unclassified_source","","Пловдив","True","True","True","",""
"348","Тъжа","Екопътека.md файл","review","local_or_unclassified_source","","Пловдив","True","True","True","",""
"349","Тъмната гора","Екопътека.md файл","review","local_or_unclassified_source","","Пловдив","True","True","True","",""
"350","Узунбуджак","Екопътека.md файл","review","local_or_unclassified_source","","Пловдив","True","True","True","",""
"351","Урдини езера","Екопътека.md файл","review","local_or_unclassified_source","","Пловдив","True","True","True","",""
"352","Хайдушка песен","Екопътека.md файл","review","local_or_unclassified_source","","Пловдив","True","True","True","",""
"353","Хайдушка поляна","Екопътека.md файл","review","local_or_unclassified_source","","Пловдив","True","True","True","",""
"354","Хайдушки поляни","Екопътека.md файл","review","local_or_unclassified_source","","Пловдив","True","True","True","",""
"355","Хайдушки чуки","Екопътека.md файл","review","local_or_unclassified_source","","Пловдив","True","True","True","",""
"356","Халката","Екопътека.md файл","review","local_or_unclassified_source","","Пловдив","True","True","True","",""
"357","Царството на зелениката","Екопътека.md файл","review","local_or_unclassified_source","","Пловдив","True","True","True","",""
"358","Централен Балкан","Екопътека.md файл","review","local_or_unclassified_source","","Пловдив","True","True","True","",""
"359","Цигов чарк","Екопътека.md файл","review","local_or_unclassified_source","","Пловдив","True","True","True","",""
"360","Чаирски езера","Екопътека.md файл","review","local_or_unclassified_source","","Пловдив","True","True","True","",""
"361","Черепишки манастир","Екопътека.md файл","review","local_or_unclassified_source","","Пловдив","True","True","True","",""
"362","Чернелка","Екопътека.md файл","review","local_or_unclassified_source","","Пловдив","True","True","True","",""
"363","Черни връх","Екопътека.md файл","review","local_or_unclassified_source","","Пловдив","True","True","True","",""
"364","Чипровски водопад","Екопътека.md файл","review","local_or_unclassified_source","","Пловдив","True","True","True","",""
"365","Чифлик","Екопътека.md файл","review","local_or_unclassified_source","","Пловдив","True","True","True","",""
"366","Чудните мостове","Екопътека.md файл","review","local_or_unclassified_source","","Пловдив","True","True","True","",""
"367","Чуйпетлово","Екопътека.md файл","review","local_or_unclassified_source","","Пловдив","True","True","True","",""
"368","Шабла","Екопътека.md файл","review","local_or_unclassified_source","","Пловдив","True","True","True","",""
"369","Шейтан дере","Екопътека.md файл","review","local_or_unclassified_source","","Пловдив","True","True","True","",""
"370","Шипка","Екопътека.md файл","review","local_or_unclassified_source","","Пловдив","True","True","True","",""
"371","Шипково","Екопътека.md файл","review","local_or_unclassified_source","","Пловдив","True","True","True","",""
"372","Широка поляна","Екопътека.md файл","review","local_or_unclassified_source","","Пловдив","True","True","True","",""
"373","Шуменско плато","Екопътека.md файл","review","local_or_unclassified_source","","Пловдив","True","True","True","",""
"374","Юмрукчал","Екопътека.md файл","review","local_or_unclassified_source","","Пловдив","True","True","True","",""
"375","Юндола","Екопътека.md файл","review","local_or_unclassified_source","","Пловдив","True","True","True","",""
"376","Ябланица","Екопътека.md файл","review","local_or_unclassified_source","","Пловдив","True","True","True","",""
"377","Ябланишко ждрело","Екопътека.md файл","review","local_or_unclassified_source","","Пловдив","True","True","True","",""
"378","Ягодинска пещера","Екопътека.md файл","review","local_or_unclassified_source","","Пловдив","True","True","True","",""
"379","Яйлата","Екопътека.md файл","review","local_or_unclassified_source","","Пловдив","True","True","True","",""
